Certificate Profile,Alg Used,CA Used,CA Key Alg,CA Key
aafcuica2020CA_aafcuica2020, Signature Algorithm: Inherit from Issuing CA, Certificate Signing Key: American Airlines Federal Credit Union Issuing CA 2020, Key Algorithm: RSA, Key Specification: '2048'
aafcuica2020CA_aafcuica2020ocsp, Signature Algorithm: Inherit from Issuing CA, Certificate Signing Key: American Airlines Federal Credit Union Issuing CA 2020, Key Algorithm: RSA, Key Specification: '2048'
aafcuroot2020r1CA_aafcuroot2020r1ocsp, Signature Algorithm: Inherit from Issuing CA, Certificate Signing Key: American Airlines Federal Credit Union Root CA - R1, Key Algorithm: RSA, Key Specification: '2048'
aatlca2sha2g2CA_aatlca2sha2g2, Signature Algorithm: Inherit from Issuing CA, Certificate Signing Key: Imported Production GlobalSign CA 2 for AATL Certificate, Key Algorithm: RSA, Key Specification: '2048'
aatlca2sha2g2CA_aatlca2sha2g2ocsp, Signature Algorithm: Inherit from Issuing CA, Certificate Signing Key: Imported Production GlobalSign CA 2 for AATL Certificate, Key Algorithm: RSA, Key Specification: '2048'
aatlca3sha2g2CA_aatlca3sha2g2, Signature Algorithm: Inherit from Issuing CA, Certificate Signing Key: Imported Production GlobalSign CA 3 for AATL Certificate, Key Algorithm: RSA, Key Specification: '2048'
aatlca3sha2g2CA_aatlca3sha2g2ocsp, Signature Algorithm: Inherit from Issuing CA, Certificate Signing Key: Imported Production GlobalSign CA 3 for AATL Certificate, Key Algorithm: RSA, Key Specification: '2048'
aatlsha2g2CA_aatlsha2g2, Signature Algorithm: Inherit from Issuing CA, Certificate Signing Key: AdobeAATL, 
aatlsha2g2CA_aatlsha2g2ocsp, Signature Algorithm: Inherit from Issuing CA, Certificate Signing Key: AdobeAATL, 
aatlsha2g2CA_aatlsha2g2_ee, Signature Algorithm: Inherit from Issuing CA, Certificate Signing Key: AdobeAATL, 
acdefesagr3ovtlsca2023_certprofile-ct, Signature Algorithm: Inherit from Issuing CA, Certificate Signing Key: Imported Production AC Defesa GR3 OV TLS CA 2023 Certificate, Key Algorithm: RSA, Key Specification: '4096'
acdefesagr3ovtlsca2023_certprofile-ocsp, Signature Algorithm: Inherit from Issuing CA, Certificate Signing Key: Imported Production AC Defesa GR3 OV TLS CA 2023 Certificate, Key Algorithm: RSA, Key Specification: '4096'
acuityintermediateCA_acuityintermediate, Signature Algorithm: Inherit from Issuing CA, Certificate Signing Key: ACUITY Intermediate CA, Key Algorithm: RSA, Key Specification: '2048'
acuityintermediateCA_acuityintermediateocsp, Signature Algorithm: Inherit from Issuing CA, Certificate Signing Key: ACUITY Intermediate CA, Key Algorithm: RSA, Key Specification: '2048'
adobeCA_adobe, Signature Algorithm: SHA1WithRSA, Certificate Signing Key: Adobe_CA, Key Algorithm: RSA, Key Specification: '2048'
adobeprmsha2g2CA_adobeprmsha2g2, Signature Algorithm: SHA256WithRSA, Certificate Signing Key: AdobeCDSPrimary, Key Algorithm: RSA, Key Specification: '2048'
adobeprmsha2g2CA_adobeprmsha2g2ocsp, Signature Algorithm: SHA256WithRSA, Certificate Signing Key: AdobeCDSPrimary, Key Algorithm: RSA, Key Specification: '2048'
adobesha2g2CA_adobesha2g2, Signature Algorithm: SHA256WithRSA, Certificate Signing Key: AdobeCDSSHA2, Key Algorithm: RSA, Key Specification: '2048'
adobesha2g2CA_adobesha2g2ocsp, Signature Algorithm: SHA256WithRSA, Certificate Signing Key: AdobeCDSSHA2, Key Algorithm: RSA, Key Specification: '2048'
advantagecareicaCA_advantagecareicaca, Signature Algorithm: SHA256WithRSA, Certificate Signing Key: AdvantageCare Intermediate CA, Key Algorithm: RSA, Key Specification: '2048'
advantagecareicaCA_advantagecareicaocsp, Signature Algorithm: Inherit from Issuing CA, Certificate Signing Key: AdvantageCare Intermediate CA, Key Algorithm: RSA, Key Specification: '2048'
advantagecarerootcar1CA_advantagecarerootcar1ocsp, Signature Algorithm: SHA256WithRSA, Certificate Signing Key: AdvantageCare Root CA - R1, Key Algorithm: RSA, Key Specification: '2048'
afsgccr3globalca2020CA_afsgccr3globalca2020, Signature Algorithm: SHA256WithRSA, Certificate Signing Key: Imported Production Accenture Federal Services GCC R3 Global, Key Algorithm: RSA, Key Specification: '2048'
afsgccr3globalca2020CA_afsgccr3globalca2020ocsp, Signature Algorithm: Inherit from Issuing CA, Certificate Signing Key: Imported Production Accenture Federal Services GCC R3 Global, Key Algorithm: RSA, Key Specification: '2048'
afssha2cag2CA_afssha2cag2, Signature Algorithm: SHA256WithRSA, Certificate Signing Key: Accenture Federal Services External CA, 
afssha2cag2CA_afssha2cag2ocsp, Signature Algorithm: Inherit from Issuing CA, Certificate Signing Key: Accenture Federal Services External CA, 
aistintca2019CA_aistintca2019, Signature Algorithm: SHA256WithRSA, Certificate Signing Key: Imported Production AIST Intermediate CA 2019 Certificate, Key Algorithm: RSA, Key Specification: '4096'
aistintca2019CA_aistintca2019CAocsp, Signature Algorithm: Inherit from Issuing CA, Certificate Signing Key: Imported Production AIST Intermediate CA 2019 Certificate, Key Algorithm: RSA, Key Specification: '4096'
aistrootcaCA_aistrootcaCAocsp, Signature Algorithm: Inherit from Issuing CA, Certificate Signing Key: AIST Root CA, Key Algorithm: RSA, Key Specification: '4096'
alibabacloudgccr3alphasslca2021CA_certprofile-ocsp, Signature Algorithm: Inherit from Issuing CA, Certificate Signing Key: Imported Production Alibaba Cloud GCC R3 AlphaSSL CA 2021, Key Algorithm: RSA, Key Specification: '2048'
alibabacloudgccr3alphasslca2021CA_certprofile, Signature Algorithm: Inherit from Issuing CA, Certificate Signing Key: Imported Production Alibaba Cloud GCC R3 AlphaSSL CA 2021, Key Algorithm: RSA, Key Specification: '2048'
alibabacloudgccr3alphasslca2023_certprofile-ocsp, Signature Algorithm: Inherit from Issuing CA, Certificate Signing Key: Imported Production Alibaba Cloud GCC R3 AlphaSSL CA 2023, Key Algorithm: RSA, Key Specification: '2048'
alibabacloudgccr3alphasslca2023_certprofile, Signature Algorithm: Inherit from Issuing CA, Certificate Signing Key: Imported Production Alibaba Cloud GCC R3 AlphaSSL CA 2023, Key Algorithm: RSA, Key Specification: '2048'
alibabacloudgccr3dvtlsca2021CA_certprofile-ocsp, Signature Algorithm: Inherit from Issuing CA, Certificate Signing Key: Imported Production Alibaba Cloud GCC R3 DV TLS CA 2021, Key Algorithm: RSA, Key Specification: '2048'
alibabacloudgccr3dvtlsca2021CA_certprofile, Signature Algorithm: Inherit from Issuing CA, Certificate Signing Key: Imported Production Alibaba Cloud GCC R3 DV TLS CA 2021, Key Algorithm: RSA, Key Specification: '2048'
alibabacloudgccr3dvtlsca2023_certprofile-ocsp, Signature Algorithm: Inherit from Issuing CA, Certificate Signing Key: Imported Production Alibaba Cloud GCC R3 DV TLS CA 2023, Key Algorithm: RSA, Key Specification: '2048'
alibabacloudgccr3dvtlsca2023_certprofile, Signature Algorithm: Inherit from Issuing CA, Certificate Signing Key: Imported Production Alibaba Cloud GCC R3 DV TLS CA 2023, Key Algorithm: RSA, Key Specification: '2048'
alibabacloudgccr3ovtlsca2023_certprofile-ocsp, Signature Algorithm: Inherit from Issuing CA, Certificate Signing Key: Imported Production Alibaba Cloud GCC R3 OV TLS CA 2023, Key Algorithm: RSA, Key Specification: '2048'
alibabacloudgccr3ovtlsca2023_certprofile, Signature Algorithm: Inherit from Issuing CA, Certificate Signing Key: Imported Production Alibaba Cloud GCC R3 OV TLS CA 2023, Key Algorithm: RSA, Key Specification: '2048'
alibabacloudgccr3tlsovca2021CA_certprofile-ocsp, Signature Algorithm: Inherit from Issuing CA, Certificate Signing Key: Imported Production Alibaba Cloud GCC R3 TLS OV CA 2021, Key Algorithm: RSA, Key Specification: '2048'
alibabacloudgccr3tlsovca2021CA_certprofile, Signature Algorithm: Inherit from Issuing CA, Certificate Signing Key: Imported Production Alibaba Cloud GCC R3 TLS OV CA 2021, Key Algorithm: RSA, Key Specification: '2048'
alphaCA_alpha, Signature Algorithm: SHA1WithRSA, Certificate Signing Key: Alpha_CA, Key Algorithm: RSA, Key Specification: '2048'
alphasha1g2CA_alphasha1g2, Signature Algorithm: Inherit from Issuing CA, Certificate Signing Key: AlphaSSLG2, Key Algorithm: RSA, Key Specification: '2048'
alphasha1g2CA_alphasha1g2ocsp, Signature Algorithm: SHA256WithRSA, Certificate Signing Key: AlphaSSLG2, Key Algorithm: RSA, Key Specification: '2048'
alphasha1g2CA_alphasha1g2ocsp_sha1, Signature Algorithm: SHA256WithRSA, Certificate Signing Key: AlphaSSLG2, Key Algorithm: RSA, Key Specification: '2048'
alphasha2g2CA_alphasha2g2, Signature Algorithm: Inherit from Issuing CA, Certificate Signing Key: AlphaSSLG2SHA2, Key Algorithm: RSA, Key Specification: '2048'
alphasha2g2CA_alphasha2g2ocsp, Signature Algorithm: Inherit from Issuing CA, Certificate Signing Key: AlphaSSLG2SHA2, Key Algorithm: RSA, Key Specification: '2048'
alphasha2g3CA_alphasha2g3, Signature Algorithm: Inherit from Issuing CA, Certificate Signing Key: Imported Production AlphaSSL CA - SHA256 - G3 Certificate, Key Algorithm: RSA, Key Specification: '2048'
alphasha2g3CA_alphasha2g3ocsp, Signature Algorithm: Inherit from Issuing CA, Certificate Signing Key: Imported Production AlphaSSL CA - SHA256 - G3 Certificate, Key Algorithm: RSA, Key Specification: '2048'
alphasslcasha256g4_certprofile-ocsp, Signature Algorithm: Inherit from Issuing CA, Certificate Signing Key: Imported Production AlphaSSL CA - SHA256 - G4 Certificate, Key Algorithm: RSA, Key Specification: '2048'
alphasslcasha256g4_certprofile, Signature Algorithm: Inherit from Issuing CA, Certificate Signing Key: Imported Production AlphaSSL CA - SHA256 - G4 Certificate, Key Algorithm: RSA, Key Specification: '2048'
belfastairportica2019CA_belfastairportica2019, Signature Algorithm: Inherit from Issuing CA, Certificate Signing Key: Imported Production Belfast City Airport ICA 2019 Certificate, Key Algorithm: RSA, Key Specification: '4096'
belfastairportica2019CA_belfastairportica2019ocsp, Signature Algorithm: Inherit from Issuing CA, Certificate Signing Key: Imported Production Belfast City Airport ICA 2019 Certificate, Key Algorithm: RSA, Key Specification: '4096'
belfastairportrootCA_belfastairportrootCAocsp, Signature Algorithm: Inherit from Issuing CA, Certificate Signing Key: Belfast City Airport Root CA, Key Algorithm: RSA, Key Specification: '4096'
carefirstsha2cag2CA_carefirstsha2cag2, Signature Algorithm: SHA256WithRSA, Certificate Signing Key: CareFirst SHA256 CA - G2, Key Algorithm: RSA, Key Specification: '2048'
carefirstsha2cag2CA_carefirstsha2cag2ocsp, Signature Algorithm: Inherit from Issuing CA, Certificate Signing Key: CareFirst SHA256 CA - G2, Key Algorithm: RSA, Key Specification: '2048'
cbmmgccr3smimeca2020CA_cbmmgccr3smimeca2020, Signature Algorithm: Inherit from Issuing CA, Certificate Signing Key: Imported Production CBMM GCC R3 SMIME CA 2020 Certificate, Key Algorithm: RSA, Key Specification: '2048'
cbmmgccr3smimeca2020CA_cbmmgccr3smimeca2020ocsp, Signature Algorithm: Inherit from Issuing CA, Certificate Signing Key: Imported Production CBMM GCC R3 SMIME CA 2020 Certificate, Key Algorithm: RSA, Key Specification: '2048'
cbmmsmimeca2019CA_cbmmsmimeca2019, Signature Algorithm: Inherit from Issuing CA, Certificate Signing Key: CBMM SMIME CA 2019, 
cbmmsmimeca2019CA_cbmmsmimeca2019ocsp, Signature Algorithm: Inherit from Issuing CA, Certificate Signing Key: CBMM SMIME CA 2019, 
claycoprivaterootca2022_certprofile-ocsp, Signature Algorithm: Inherit from Issuing CA, Certificate Signing Key: Clayco Private Root CA 2022, Key Algorithm: RSA, Key Specification: '2048'
cloudssleccsha2g3CA_cloudssleccsha2g3, Signature Algorithm: SHA384withECDSA, Certificate Signing Key: Imported Production GlobalSign ECC CloudSSL CA - SHA384, Key Algorithm: ECDSA, Key Specification: P-384
cloudssleccsha2g3CA_cloudssleccsha2g3CAct, Signature Algorithm: SHA384withECDSA, Certificate Signing Key: Imported Production GlobalSign ECC CloudSSL CA - SHA384, Key Algorithm: ECDSA, Key Specification: P-384
cloudssleccsha2g3CA_cloudssleccsha2g3ocsp, Signature Algorithm: SHA384withECDSA, Certificate Signing Key: Imported Production GlobalSign ECC CloudSSL CA - SHA384, Key Algorithm: ECDSA, Key Specification: P-384
cloudssleccsha384g3CA_cloudssleccsha384g3ocsp, Signature Algorithm: SHA384withECDSA, Certificate Signing Key: Imported Production GlobalSign ECC CloudSSL CA - SHA384, Key Algorithm: ECDSA, Key Specification: P-384
cloudsslg3CA_cloudsslg3, Signature Algorithm: Inherit from Issuing CA, Certificate Signing Key: Imported Production GlobalSign CloudSSL CA - SHA1 - G3, Key Algorithm: RSA, Key Specification: '2048'
cloudsslg3CA_cloudsslg3ocsp, Signature Algorithm: Inherit from Issuing CA, Certificate Signing Key: Imported Production GlobalSign CloudSSL CA - SHA1 - G3, Key Algorithm: RSA, Key Specification: '2048'
cloudsslg3CA_cloudsslg3ocsp_sha1, Signature Algorithm: SHA256WithRSA, Certificate Signing Key: Imported Production GlobalSign CloudSSL CA - SHA1 - G3, Key Algorithm: RSA, Key Specification: '2048'
cloudsslsha2g3CA_cloudsslsha2g3, Signature Algorithm: Inherit from Issuing CA, Certificate Signing Key: Imported Production GlobalSign CloudSSL CA - SHA256 - G3, Key Algorithm: RSA, Key Specification: '2048'
cloudsslsha2g3CA_cloudsslsha2g3ct, Signature Algorithm: Inherit from Issuing CA, Certificate Signing Key: Imported Production GlobalSign CloudSSL CA - SHA256 - G3, Key Algorithm: RSA, Key Specification: '2048'
cloudsslsha2g3CA_cloudsslsha2g3ocsp, Signature Algorithm: Inherit from Issuing CA, Certificate Signing Key: Imported Production GlobalSign CloudSSL CA - SHA256 - G3, Key Algorithm: RSA, Key Specification: '2048'
comesagccr45smimeca2021CA_comesagccr45smimeca2021, Signature Algorithm: Inherit from Issuing CA, Certificate Signing Key: Imported Production COMESA GCC R45 SMIME CA 2021 Certificate, Key Algorithm: RSA, Key Specification: '2048'
comesagccr45smimeca2021CA_comesagccr45smimeca2021ocsp, Signature Algorithm: Inherit from Issuing CA, Certificate Signing Key: Imported Production COMESA GCC R45 SMIME CA 2021 Certificate, Key Algorithm: RSA, Key Specification: '2048'
crbgroupgccr3smimeca2020CA_crbgroupgccr3smimeca2020, Signature Algorithm: Inherit from Issuing CA, Certificate Signing Key: Imported Production CRB Group GCC R3 SMIME CA 2020 Certificate, Key Algorithm: RSA, Key Specification: '2048'
crbgroupgccr3smimeca2020CA_crbgroupgccr3smimeca2020ocsp, Signature Algorithm: Inherit from Issuing CA, Certificate Signing Key: Imported Production CRB Group GCC R3 SMIME CA 2020 Certificate, Key Algorithm: RSA, Key Specification: '2048'
crbgroupmicaCA_crbgroupmica, Signature Algorithm: Inherit from Issuing CA, Certificate Signing Key: CRB Group Machine Certs ICA 2019, Key Algorithm: RSA, Key Specification: '4096'
crbgroupmicaCA_crbgroupmicaocsp, Signature Algorithm: Inherit from Issuing CA, Certificate Signing Key: CRB Group Machine Certs ICA 2019, Key Algorithm: RSA, Key Specification: '4096'
crbgrouprootCA_crbgrouprootocsp, Signature Algorithm: Inherit from Issuing CA, Certificate Signing Key: CRB Group Root CA - R1, Key Algorithm: RSA, Key Specification: '4096'
crbgroupsmimecaCA_crbgroupsmimeca, Signature Algorithm: Inherit from Issuing CA, Certificate Signing Key: CRB Group SMIME CA 2019, 
crbgroupsmimecaCA_crbgroupsmimecaocsp, Signature Algorithm: Inherit from Issuing CA, Certificate Signing Key: CRB Group SMIME CA 2019, 
crowdstrikegccr3tlsovca2020CA_crowdstrikegccr3tlsovca2020, Signature Algorithm: Inherit from Issuing CA, Certificate Signing Key: Imported Production CrowdStrike GCC R3 TLS OV CA 2020 Certificate, Key Algorithm: RSA, Key Specification: '2048'
crowdstrikegccr3tlsovca2020CA_crowdstrikegccr3tlsovca2020ct, Signature Algorithm: Inherit from Issuing CA, Certificate Signing Key: Imported Production CrowdStrike GCC R3 TLS OV CA 2020 Certificate, Key Algorithm: RSA, Key Specification: '2048'
crowdstrikegccr3tlsovca2020CA_crowdstrikegccr3tlsovca2020ocsp, Signature Algorithm: Inherit from Issuing CA, Certificate Signing Key: Imported Production CrowdStrike GCC R3 TLS OV CA 2020 Certificate, Key Algorithm: RSA, Key Specification: '2048'
ctbcbankcorpusaintermediateCA_ctbcbankcorpusaintermediate, Signature Algorithm: Inherit from Issuing CA, Certificate Signing Key: CTBC Bank Corp USA Intermediate CA, Key Algorithm: RSA, Key Specification: '2048'
ctbcbankcorpusaintermediateCA_ctbcbankcorpusaintermediateocsp, Signature Algorithm: Inherit from Issuing CA, Certificate Signing Key: CTBC Bank Corp USA Intermediate CA, Key Algorithm: RSA, Key Specification: '2048'
cuisecgccr3tlsdvca2021CA_cuisecgccr3tlsdvca2021, Signature Algorithm: Inherit from Issuing CA, Certificate Signing Key: Imported Production CUISEC GCC R3 TLS DV CA 2021 Certificate, Key Algorithm: RSA, Key Specification: '2048'
cuisecgccr3tlsdvca2021CA_cuisecgccr3tlsdvca2021ct, Signature Algorithm: Inherit from Issuing CA, Certificate Signing Key: Imported Production CUISEC GCC R3 TLS DV CA 2021 Certificate, Key Algorithm: RSA, Key Specification: '2048'
cuisecgccr3tlsdvca2021CA_cuisecgccr3tlsdvca2021ocsp, Signature Algorithm: Inherit from Issuing CA, Certificate Signing Key: Imported Production CUISEC GCC R3 TLS DV CA 2021 Certificate, Key Algorithm: RSA, Key Specification: '2048'
cuisecgccr3tlsevca2021CA_cuisecgccr3tlsevca2021, Signature Algorithm: Inherit from Issuing CA, Certificate Signing Key: Imported Production CUISEC GCC R3 TLS EV CA 2021 Certificate, Key Algorithm: RSA, Key Specification: '2048'
cuisecgccr3tlsevca2021CA_cuisecgccr3tlsevca2021ct, Signature Algorithm: Inherit from Issuing CA, Certificate Signing Key: Imported Production CUISEC GCC R3 TLS EV CA 2021 Certificate, Key Algorithm: RSA, Key Specification: '2048'
cuisecgccr3tlsevca2021CA_cuisecgccr3tlsevca2021ocsp, Signature Algorithm: Inherit from Issuing CA, Certificate Signing Key: Imported Production CUISEC GCC R3 TLS EV CA 2021 Certificate, Key Algorithm: RSA, Key Specification: '2048'
cuisecgccr3tlsovca2021CA_cuisecgccr3tlsovca2021, Signature Algorithm: Inherit from Issuing CA, Certificate Signing Key: Imported Production CUISEC GCC R3 TLS OV CA 2021 Certificate, Key Algorithm: RSA, Key Specification: '2048'
cuisecgccr3tlsovca2021CA_cuisecgccr3tlsovca2021ct, Signature Algorithm: Inherit from Issuing CA, Certificate Signing Key: Imported Production CUISEC GCC R3 TLS OV CA 2021 Certificate, Key Algorithm: RSA, Key Specification: '2048'
cuisecgccr3tlsovca2021CA_cuisecgccr3tlsovca2021ocsp, Signature Algorithm: Inherit from Issuing CA, Certificate Signing Key: Imported Production CUISEC GCC R3 TLS OV CA 2021 Certificate, Key Algorithm: RSA, Key Specification: '2048'
delicatovineyardsmica2019CA_delicatovineyardsmica2019, Signature Algorithm: Inherit from Issuing CA, Certificate Signing Key: Imported Production Delicato Vineyards Machine Certs ICA, Key Algorithm: RSA, Key Specification: '4096'
delicatovineyardsmica2019CA_delicatovineyardsmica2019ocsp, Signature Algorithm: Inherit from Issuing CA, Certificate Signing Key: Imported Production Delicato Vineyards Machine Certs ICA, Key Algorithm: RSA, Key Specification: '4096'
delicatovineyardsroot2019CA_delicatovineyardsroot2019ocsp, Signature Algorithm: Inherit from Issuing CA, Certificate Signing Key: Delicato Vineyards Root CA 2019, Key Algorithm: RSA, Key Specification: '4096'
dexkoglobalgccr3smimeca2020CA_dexkoglobalgccr3smimeca2020, Signature Algorithm: Inherit from Issuing CA, Certificate Signing Key: Imported Production DexKo Global GCC R3 SMIME CA 2020 Certificate, Key Algorithm: RSA, Key Specification: '2048'
dexkoglobalgccr3smimeca2020CA_dexkoglobalgccr3smimeca2020ocsp, Signature Algorithm: Inherit from Issuing CA, Certificate Signing Key: Imported Production DexKo Global GCC R3 SMIME CA 2020 Certificate, Key Algorithm: RSA, Key Specification: '2048'
dexkoglobalica2019CA_dexkoglobalica2019, Signature Algorithm: Inherit from Issuing CA, Certificate Signing Key: DexKo Global Issuing CA 2019, Key Algorithm: RSA, Key Specification: '4096'
dexkoglobalica2019CA_dexkoglobalica2019ocsp, Signature Algorithm: Inherit from Issuing CA, Certificate Signing Key: DexKo Global Issuing CA 2019, Key Algorithm: RSA, Key Specification: '4096'
dexkoglobalrootCA_dexkoglobalrootocsp, Signature Algorithm: Inherit from Issuing CA, Certificate Signing Key: DexKo Global Root CA - R1, Key Algorithm: RSA, Key Specification: '4096'
dexkoglobalsmimeca2019CA_dexkoglobalsmimeca2019, Signature Algorithm: Inherit from Issuing CA, Certificate Signing Key: DexKo Global SMIME CA 2019, 
dexkoglobalsmimeca2019CA_dexkoglobalsmimeca2019ocsp, Signature Algorithm: Inherit from Issuing CA, Certificate Signing Key: DexKo Global SMIME CA 2019, 
docusignica2020CA_docusignica2020, Signature Algorithm: Inherit from Issuing CA, Certificate Signing Key: DocuSign Issuing CA 2020, Key Algorithm: RSA, Key Specification: '4096'
docusignica2020CA_docusignica2020ocsp, Signature Algorithm: Inherit from Issuing CA, Certificate Signing Key: DocuSign Issuing CA 2020, Key Algorithm: RSA, Key Specification: '4096'
docusignrootCA_docusignrootocsp, Signature Algorithm: Inherit from Issuing CA, Certificate Signing Key: DocuSign Root CA - R1, Key Algorithm: RSA, Key Specification: '4096'
dsignergccr3smimeca2020CA_dsignergccr3smimeca2020, Signature Algorithm: Inherit from Issuing CA, Certificate Signing Key: Imported Production DSigner GCC R3 SMIME CA 2020 Certificate, Key Algorithm: RSA, Key Specification: '2048'
dsignergccr3smimeca2020CA_dsignergccr3smimeca2020ocsp, Signature Algorithm: Inherit from Issuing CA, Certificate Signing Key: Imported Production DSigner GCC R3 SMIME CA 2020 Certificate, Key Algorithm: RSA, Key Specification: '2048'
dvCA_dv, Signature Algorithm: SHA1WithRSA, Certificate Signing Key: DV_CA, Key Algorithm: RSA, Key Specification: '2048'
dvsha1g2CA_dvsha1g2, Signature Algorithm: Inherit from Issuing CA, Certificate Signing Key: DomainSSLG2, Key Algorithm: RSA, Key Specification: '2048'
dvsha1g2CA_dvsha1g2ocsp, Signature Algorithm: SHA256WithRSA, Certificate Signing Key: DomainSSLG2, Key Algorithm: RSA, Key Specification: '2048'
dvsha1g2CA_dvsha1g2ocsp_sha1, Signature Algorithm: Inherit from Issuing CA, Certificate Signing Key: DomainSSLG2, Key Algorithm: RSA, Key Specification: '2048'
dvsha2g2CA_dvsha2g2, Signature Algorithm: Inherit from Issuing CA, Certificate Signing Key: DomainSSLG2SHA2, Key Algorithm: RSA, Key Specification: '2048'
dvsha2g2CA_dvsha2g2ocsp, Signature Algorithm: Inherit from Issuing CA, Certificate Signing Key: DomainSSLG2SHA2, Key Algorithm: RSA, Key Specification: '2048'
dvsha2g3CA_dvsha2g3, Signature Algorithm: Inherit from Issuing CA, Certificate Signing Key: Imported Production GlobalSign Domain Validation CA - SHA256, Key Algorithm: RSA, Key Specification: '2048'
dvsha2g3CA_dvsha2g3ocsp, Signature Algorithm: Inherit from Issuing CA, Certificate Signing Key: Imported Production GlobalSign Domain Validation CA - SHA256, Key Algorithm: RSA, Key Specification: '2048'
ecadminca1sha2g2CA_ecadminca1sha2g2, Signature Algorithm: Inherit from Issuing CA, Certificate Signing Key: ECAdminCA1, Key Algorithm: ECDSA, Key Specification: P-256
ecadminca1sha2g2CA_ecadminca1sha2g2ocsp, Signature Algorithm: Inherit from Issuing CA, Certificate Signing Key: ECAdminCA1, Key Algorithm: ECDSA, Key Specification: P-256
ecadminca2sha2g2CA_ecadminca2sha2g2, Signature Algorithm: Inherit from Issuing CA, Certificate Signing Key: ECAdminCA2, Key Algorithm: ECDSA, Key Specification: P-256
ecadminca2sha2g2CA_ecadminca2sha2g2ocsp, Signature Algorithm: Inherit from Issuing CA, Certificate Signing Key: ECAdminCA2, Key Algorithm: ECDSA, Key Specification: P-256
edirootCA_ediov, Signature Algorithm: SHA1WithRSA, Certificate Signing Key: EDI_CA, Key Algorithm: RSA, Key Specification: '2048'
edirootCA_edips, Signature Algorithm: SHA1WithRSA, Certificate Signing Key: EDI_CA, Key Algorithm: RSA, Key Specification: '2048'
edirootsha2CA_edisha2ov, Signature Algorithm: Inherit from Issuing CA, Certificate Signing Key: GlobalSign EDI CA - SHA256 - G3, Key Algorithm: RSA, Key Specification: '2048'
edirootsha2CA_edisha2ps, Signature Algorithm: Inherit from Issuing CA, Certificate Signing Key: GlobalSign EDI CA - SHA256 - G3, Key Algorithm: RSA, Key Specification: '2048'
emblemhealthintermediateCA_emblemhealthintermediate, Signature Algorithm: Inherit from Issuing CA, Certificate Signing Key: EmblemHealth Intermediate CA, Key Algorithm: RSA, Key Specification: '2048'
emblemhealthintermediateCA_emblemhealthintermediateocsp, Signature Algorithm: Inherit from Issuing CA, Certificate Signing Key: EmblemHealth Intermediate CA, Key Algorithm: RSA, Key Specification: '2048'
eneosprivaterootca2021CA_certprofile-ocsp, Signature Algorithm: Inherit from Issuing CA, Certificate Signing Key: ENEOS Corporation Private Root CA 2021, Key Algorithm: RSA, Key Specification: '4096'
epomachineica2019CA_epomachineica2019, Signature Algorithm: Inherit from Issuing CA, Certificate Signing Key: EPO ICA Machine Auth 2019, Key Algorithm: RSA, Key Specification: '4096'
epomachineica2019CA_epomachineica2019ocsp, Signature Algorithm: Inherit from Issuing CA, Certificate Signing Key: EPO ICA Machine Auth 2019, Key Algorithm: RSA, Key Specification: '4096'
eporootca2019CA_eporootca2019ocsp, Signature Algorithm: Inherit from Issuing CA, Certificate Signing Key: EPO ROOT CA 2019, Key Algorithm: RSA, Key Specification: '4096'
epouserica2019CA_epouserica2019, Signature Algorithm: Inherit from Issuing CA, Certificate Signing Key: EPO ICA User Auth 2019, Key Algorithm: RSA, Key Specification: '4096'
epouserica2019CA_epouserica2019ocsp, Signature Algorithm: Inherit from Issuing CA, Certificate Signing Key: EPO ICA User Auth 2019, Key Algorithm: RSA, Key Specification: '4096'
europeangnssagencyprivaterootca2021CA_europeangnssagencyprivaterootca2021ocsp, Signature Algorithm: Inherit from Issuing CA, Certificate Signing Key: European GNSS Agency Private Root CA 2021, Key Algorithm: RSA, Key Specification: '2048'
evcssha2g2CA_evcssha2g2, Signature Algorithm: Inherit from Issuing CA, Certificate Signing Key: Imported Production GlobalSign Extended Validation CodeSigning, 
evcssha2g2CA_evcssha2g2ocsp, Signature Algorithm: Inherit from Issuing CA, Certificate Signing Key: Imported Production GlobalSign Extended Validation CodeSigning, 
evcssha2g3CA_evcssha2g3, Signature Algorithm: Inherit from Issuing CA, Certificate Signing Key: Imported Production GlobalSign Extended Validation CodeSigning, 
evcssha2g3CA_evcssha2g3ocsp, Signature Algorithm: Inherit from Issuing CA, Certificate Signing Key: Imported Production GlobalSign Extended Validation CodeSigning, 
evg2CA_evg2, Signature Algorithm: Inherit from Issuing CA, Certificate Signing Key: EV_CA, Key Algorithm: RSA, Key Specification: '2048'
evg2CA_evg2ct, Signature Algorithm: Inherit from Issuing CA, Certificate Signing Key: EV_CA, Key Algorithm: RSA, Key Specification: '2048'
evg2CA_evg2ocsp, Signature Algorithm: SHA256WithRSA, Certificate Signing Key: EV_CA, Key Algorithm: RSA, Key Specification: '2048'
evg2CA_evg2ocsp_sha1, Signature Algorithm: Inherit from Issuing CA, Certificate Signing Key: EV_CA, Key Algorithm: RSA, Key Specification: '2048'
evsha2g2CA_evsha2g2, Signature Algorithm: Inherit from Issuing CA, Certificate Signing Key: EV_SHA2_CA, Key Algorithm: RSA, Key Specification: '2048'
evsha2g2CA_evsha2g2ct, Signature Algorithm: Inherit from Issuing CA, Certificate Signing Key: EV_SHA2_CA, Key Algorithm: RSA, Key Specification: '2048'
evsha2g2CA_evsha2g2ocsp, Signature Algorithm: Inherit from Issuing CA, Certificate Signing Key: EV_SHA2_CA, Key Algorithm: RSA, Key Specification: '2048'
evsha2g3CA_evsha2g3, Signature Algorithm: Inherit from Issuing CA, Certificate Signing Key: Imported Production GlobalSign Extended Validation CA -, Key Algorithm: RSA, Key Specification: '2048'
evsha2g3CA_evsha2g3ct, Signature Algorithm: Inherit from Issuing CA, Certificate Signing Key: Imported Production GlobalSign Extended Validation CA -, Key Algorithm: RSA, Key Specification: '2048'
evsha2g3CA_evsha2g3ocsp, Signature Algorithm: Inherit from Issuing CA, Certificate Signing Key: Imported Production GlobalSign Extended Validation CA -, Key Algorithm: RSA, Key Specification: '2048'
expired_prodrivetechnologiesovsslnewCA_prodrivetechnologiesovssl, Signature Algorithm: Inherit from Issuing CA, Certificate Signing Key: Imported Production Prodrive Technologies B.V. OV SSL Issuing, Key Algorithm: RSA, Key Specification: '2048'
expired_prodrivetechnologiesovsslnewCA_prodrivetechnologiesovsslocsp, Signature Algorithm: Inherit from Issuing CA, Certificate Signing Key: Imported Production Prodrive Technologies B.V. OV SSL Issuing, Key Algorithm: RSA, Key Specification: '2048'
eyllpgccr3smimeca2020CA_eyllpgccr3smimeca2020, Signature Algorithm: Inherit from Issuing CA, Certificate Signing Key: Imported Production EY LLP GCC R3 SMIME CA 2020 Certificate, Key Algorithm: RSA, Key Specification: '2048'
eyllpgccr3smimeca2020CA_eyllpgccr3smimeca2020ocsp, Signature Algorithm: Inherit from Issuing CA, Certificate Signing Key: Imported Production EY LLP GCC R3 SMIME CA 2020 Certificate, Key Algorithm: RSA, Key Specification: '2048'
eysha2cag2CA_eysha2cag2, Signature Algorithm: Inherit from Issuing CA, Certificate Signing Key: EY LLP SHA256 CA - G2, 
eysha2cag2CA_eysha2cag2ocsp, Signature Algorithm: Inherit from Issuing CA, Certificate Signing Key: EY LLP SHA256 CA - G2, 
fifcoatlasica2020CA_fifcoatlasica2020, Signature Algorithm: Inherit from Issuing CA, Certificate Signing Key: FIFCO Atlas Machine Authentication ICA 2020, Key Algorithm: RSA, Key Specification: '2048'
fifcoatlasica2020CA_fifcoatlasica2020ocsp, Signature Algorithm: Inherit from Issuing CA, Certificate Signing Key: FIFCO Atlas Machine Authentication ICA 2020, Key Algorithm: RSA, Key Specification: '2048'
fifcoprivaterootca2020CA_fifcoprivaterootca2020, Signature Algorithm: Inherit from Issuing CA, Certificate Signing Key: FIFCO Private Root CA 2020, Key Algorithm: RSA, Key Specification: '2048'
fifcoprivaterootca2020CA_fifcoprivaterootca2020ocsp, Signature Algorithm: Inherit from Issuing CA, Certificate Signing Key: FIFCO Private Root CA 2020, Key Algorithm: RSA, Key Specification: '2048'
fourseasonsrootr1CA_fourseasonsrootr1, Signature Algorithm: Inherit from Issuing CA, Certificate Signing Key: Four Seasons Hotels Root CA - R1, Key Algorithm: RSA, Key Specification: '2048'
fourseasonsrootr1CA_fourseasonsrootr1ocsp, Signature Algorithm: Inherit from Issuing CA, Certificate Signing Key: Four Seasons Hotels Root CA - R1, Key Algorithm: RSA, Key Specification: '2048'
GlobalSign-Infra-CA_certprofile, Signature Algorithm: SHA512WithRSA, Certificate Signing Key: GlobalSign Infra CA, Key Algorithm: RSA, Key Specification: '2048'
grobwerkegccr3smimeca2020CA_grobwerkegccr3smimeca2020, Signature Algorithm: Inherit from Issuing CA, Certificate Signing Key: Imported Production GROB-WERKE GmbH und Co. KG GCC R3 SMIME, Key Algorithm: RSA, Key Specification: '2048'
grobwerkegccr3smimeca2020CA_grobwerkegccr3smimeca2020ocsp, Signature Algorithm: Inherit from Issuing CA, Certificate Signing Key: Imported Production GROB-WERKE GmbH und Co. KG GCC R3 SMIME, Key Algorithm: RSA, Key Specification: '2048'
grobwerkesmimeCA_grobwerkesmime, Signature Algorithm: Inherit from Issuing CA, Certificate Signing Key: GROB-WERKE GmbH und Co. KG SMIME CA, 
grobwerkesmimeCA_grobwerkesmimeocsp, Signature Algorithm: Inherit from Issuing CA, Certificate Signing Key: GROB-WERKE GmbH und Co. KG SMIME CA, 
grundfosrootca01g12021CA_grundfosrootca01g12021ocsp, Signature Algorithm: Inherit from Issuing CA, Certificate Signing Key: Grundfos Root CA 01 G1 2021, Key Algorithm: ECDSA, Key Specification: P-256
gsaatl4sha2g4CA_gsaatl4sha2g4, Signature Algorithm: SHA256WithRSA, Certificate Signing Key: GlobalSign CA 4 for AATL, 
gsaatl4sha2g4CA_gsaatl4sha2g4ocsp, Signature Algorithm: Inherit from Issuing CA, Certificate Signing Key: GlobalSign CA 4 for AATL, 
gsaatl6CA_gsaatl6, Signature Algorithm: SHA256WithRSA, Certificate Signing Key: GlobalSign CA 6 for AATL, 
gsaatl6CA_gsaatl6ocsp, Signature Algorithm: SHA256WithRSA, Certificate Signing Key: GlobalSign CA 6 for AATL, 
gsaatlpartnerca2019CA_gsaatlpartnerca2019, Signature Algorithm: Inherit from Issuing CA, Certificate Signing Key: Imported Production GlobalSign AATL Partners CA 2019 Certificate, 
gsaatlpartnerca2019CA_gsaatlpartnerca2019ocsp, Signature Algorithm: Inherit from Issuing CA, Certificate Signing Key: Imported Production GlobalSign AATL Partners CA 2019 Certificate, 
gsaatlsha2g3CA_gsaatlsha2g3, Signature Algorithm: SHA256WithRSA, Certificate Signing Key: Imported Production GlobalSign CA for AATL - SHA256 - G3, 
gsaatlsha2g3CA_gsaatlsha2g3ocsp, Signature Algorithm: SHA256WithRSA, Certificate Signing Key: Imported Production GlobalSign CA for AATL - SHA256 - G3, 
gsaatlsha2g4CA_gsaatlsha2g4, Signature Algorithm: SHA384WithRSA, Certificate Signing Key: Imported Production GlobalSign CA for AATL - SHA384 - G4, Key Algorithm: RSA, Key Specification: '4096'
gsaatlsha2g4CA_gsaatlsha2g4ocsp, Signature Algorithm: SHA256WithRSA, Certificate Signing Key: Imported Production GlobalSign CA for AATL - SHA384 - G4, Key Algorithm: RSA, Key Specification: '4096'
gsaegicaCA_gsaegica, Signature Algorithm: Inherit from Issuing CA, Certificate Signing Key: GlobalSign AEG Private ICA, Key Algorithm: RSA, Key Specification: '2048'
gsaegicaCA_gsaegicaocsp, Signature Algorithm: Inherit from Issuing CA, Certificate Signing Key: GlobalSign AEG Private ICA, Key Algorithm: RSA, Key Specification: '2048'
gsaegrootCA_gsaegrootocsp, Signature Algorithm: Inherit from Issuing CA, Certificate Signing Key: GlobalSign AEG Private Root CA, Key Algorithm: RSA, Key Specification: '2048'
gsaegsmimeicaCA_gsaegsmimeica, Signature Algorithm: Inherit from Issuing CA, Certificate Signing Key: GlobalSign AEG Private SMIME ICA, Key Algorithm: RSA, Key Specification: '2048'
gsaegsmimeicaCA_gsaegsmimeicaocsp, Signature Algorithm: Inherit from Issuing CA, Certificate Signing Key: GlobalSign AEG Private SMIME ICA, Key Algorithm: RSA, Key Specification: '2048'
gscssha1g2CA_gscssha1g2, Signature Algorithm: Inherit from Issuing CA, Certificate Signing Key: Imported Production GlobalSign CodeSigning CA - G2 (2019), 
gscssha1g2CA_gscssha1g2ocsp, Signature Algorithm: Inherit from Issuing CA, Certificate Signing Key: Imported Production GlobalSign CodeSigning CA - G2 (2019), 
gscssha1g3CA_gscssha1g3, Signature Algorithm: Inherit from Issuing CA, Certificate Signing Key: Imported Production GlobalSign CodeSigning CA - G3 Certificate, 
gscssha1g3CA_gscssha1g3ocsp, Signature Algorithm: Inherit from Issuing CA, Certificate Signing Key: Imported Production GlobalSign CodeSigning CA - G3 Certificate, 
gscssha2g2CA_gscssha2g2, Signature Algorithm: SHA256WithRSA, Certificate Signing Key: Imported Production GlobalSign CodeSigning CA - SHA256, 
gscssha2g2CA_gscssha2g2ocsp, Signature Algorithm: SHA256WithRSA, Certificate Signing Key: Imported Production GlobalSign CodeSigning CA - SHA256, 
gscssha2g3CA_gscssha2g3, Signature Algorithm: SHA256WithRSA, Certificate Signing Key: Imported Production GlobalSign CodeSigning CA - SHA256, 
gscssha2g3CA_gscssha2g3ocsp, Signature Algorithm: SHA256WithRSA, Certificate Signing Key: Imported Production GlobalSign CodeSigning CA - SHA256, 
gsdemosha2g3CA_gsdemosha2g3, Signature Algorithm: Inherit from Issuing CA, Certificate Signing Key: Imported Production GlobalSign Demo Issuing CA Certificate, Key Algorithm: RSA, Key Specification: '2048'
gsdemosha2g3CA_gsdemosha2g3ocsp, Signature Algorithm: Inherit from Issuing CA, Certificate Signing Key: Imported Production GlobalSign Demo Issuing CA Certificate, Key Algorithm: RSA, Key Specification: '2048'
gseccevsslca2018CA_gseccevsslca2018, Signature Algorithm: SHA384withECDSA, Certificate Signing Key: Imported Production GlobalSign ECC EV SSL CA 2018 Certificate, Key Algorithm: ECDSA, Key Specification: P-384
gseccevsslca2018CA_gseccevsslca2018ct, Signature Algorithm: SHA384withECDSA, Certificate Signing Key: Imported Production GlobalSign ECC EV SSL CA 2018 Certificate, Key Algorithm: ECDSA, Key Specification: P-384
gseccevsslca2018CA_gseccevsslca2018ocsp, Signature Algorithm: SHA384withECDSA, Certificate Signing Key: Imported Production GlobalSign ECC EV SSL CA 2018 Certificate, Key Algorithm: ECDSA, Key Specification: P-384
gseccevsslca2019CA_gseccevsslca2019, Signature Algorithm: SHA384withECDSA, Certificate Signing Key: Imported Production GlobalSign ECC EV SSL CA 2019 Certificate, 
gseccevsslca2019CA_gseccevsslca2019ct, Signature Algorithm: SHA384withECDSA, Certificate Signing Key: Imported Production GlobalSign ECC EV SSL CA 2019 Certificate, 
gseccevsslca2019CA_gseccevsslca2019ocsp, Signature Algorithm: SHA384withECDSA, Certificate Signing Key: Imported Production GlobalSign ECC EV SSL CA 2019 Certificate, 
gseccovsslca2018CA_gseccovsslca2018, Signature Algorithm: SHA384withECDSA, Certificate Signing Key: Imported Production GlobalSign ECC OV SSL CA 2018 Certificate, Key Algorithm: ECDSA, Key Specification: P-384
gseccovsslca2018CA_gseccovsslca2018ct, Signature Algorithm: SHA384withECDSA, Certificate Signing Key: Imported Production GlobalSign ECC OV SSL CA 2018 Certificate, Key Algorithm: ECDSA, Key Specification: P-384
gseccovsslca2018CA_gseccovsslca2018ocsp, Signature Algorithm: SHA384withECDSA, Certificate Signing Key: Imported Production GlobalSign ECC OV SSL CA 2018 Certificate, Key Algorithm: ECDSA, Key Specification: P-384
gsgccr3dvtlsca2020_gsgccr3dvtlsca2020CA, Signature Algorithm: Inherit from Issuing CA, Certificate Signing Key: Imported Production GlobalSign GCC R3 DV TLS CA 2020 Certificate, Key Algorithm: RSA, Key Specification: '2048'
gsgccr3dvtlsca2020_gsgccr3dvtlsca2020ocsp, Signature Algorithm: Inherit from Issuing CA, Certificate Signing Key: Imported Production GlobalSign GCC R3 DV TLS CA 2020 Certificate, Key Algorithm: RSA, Key Specification: '2048'
gsgccr3evqwacca2020CA_gsgccr3evqwacca2020, Signature Algorithm: SHA256WithRSA, Certificate Signing Key: Imported Production GlobalSign GCC R3 EV QWAC CA 2020 Certificate, Key Algorithm: RSA, Key Specification: '4096'
gsgccr3evqwacca2020CA_gsgccr3evqwacca2020ct, Signature Algorithm: SHA256WithRSA, Certificate Signing Key: Imported Production GlobalSign GCC R3 EV QWAC CA 2020 Certificate, Key Algorithm: RSA, Key Specification: '4096'
gsgccr3evqwacca2020CA_gsgccr3evqwacca2020ocsp, Signature Algorithm: Inherit from Issuing CA, Certificate Signing Key: Imported Production GlobalSign GCC R3 EV QWAC CA 2020 Certificate, Key Algorithm: RSA, Key Specification: '4096'
gsgccr3evqwacca2020CA_gsgccr3evqwacca2020psd, Signature Algorithm: SHA256WithRSA, Certificate Signing Key: Imported Production GlobalSign GCC R3 EV QWAC CA 2020 Certificate, Key Algorithm: RSA, Key Specification: '4096'
gsgccr3evqwacca2020CA_gsgccr3evqwacca2020psdct, Signature Algorithm: SHA256WithRSA, Certificate Signing Key: Imported Production GlobalSign GCC R3 EV QWAC CA 2020 Certificate, Key Algorithm: RSA, Key Specification: '4096'
gsgccr3personalsign1ca2020CA_gsgccr3personalsign1ca2020, Signature Algorithm: Inherit from Issuing CA, Certificate Signing Key: Imported Production GlobalSign GCC R3 PersonalSign 1 CA, Key Algorithm: RSA, Key Specification: '2048'
gsgccr3personalsign1ca2020CA_gsgccr3personalsign1ca2020ocsp, Signature Algorithm: Inherit from Issuing CA, Certificate Signing Key: Imported Production GlobalSign GCC R3 PersonalSign 1 CA, Key Algorithm: RSA, Key Specification: '2048'
gsgccr3personalsign2ca2020CA_gsgccr3personalsign2ca2020, Signature Algorithm: Inherit from Issuing CA, Certificate Signing Key: Imported Production GlobalSign GCC R3 PersonalSign 2 CA, Key Algorithm: RSA, Key Specification: '2048'
gsgccr3personalsign2ca2020CA_gsgccr3personalsign2ca2020ocsp, Signature Algorithm: Inherit from Issuing CA, Certificate Signing Key: Imported Production GlobalSign GCC R3 PersonalSign 2 CA, Key Algorithm: RSA, Key Specification: '2048'
gsgccr3personalsign2ca2020CA_gsgccr3personalsign2ca2020RSASSA, Signature Algorithm: SHA256withRSAandMGF1, Certificate Signing Key: Imported Production GlobalSign GCC R3 PersonalSign 2 CA, Key Algorithm: RSA, Key Specification: '2048'
gsgccr3ukevqwacca2020CA_gsgccr3ukevqwacca2020ct, Signature Algorithm: SHA256WithRSA, Certificate Signing Key: Imported Production GlobalSign Demo Issuing CA Certificate, Key Algorithm: RSA, Key Specification: '2048'
gsgccr3ukevqwacca2020CA_gsgccr3ukevqwacca2020ocsp, Signature Algorithm: Inherit from Issuing CA, Certificate Signing Key: Imported Production GlobalSign GCC R3 UK EV QWAC CA 2020, Key Algorithm: RSA, Key Specification: '4096'
gsgccr45aatlca2020_certprofile-ocsp, Signature Algorithm: SHA256WithRSA, Certificate Signing Key: GlobalSign GCC R45 AATL CA 2020, Key Algorithm: RSA, Key Specification: '2048'
gsgccr45aatlca2020_certprofile, Signature Algorithm: Inherit from Issuing CA, Certificate Signing Key: GlobalSign GCC R45 AATL CA 2020, Key Algorithm: RSA, Key Specification: '2048'
gsgccr45codesignca2020CA_gsgccr45codesignca2020, Signature Algorithm: SHA256WithRSA, Certificate Signing Key: Imported Production GlobalSign GCC R45 CodeSigning CA 2020, Key Algorithm: RSA, Key Specification: '4096'
gsgccr45codesignca2020CA_gsgccr45codesignca2020ocsp, Signature Algorithm: SHA256WithRSA, Certificate Signing Key: Imported Production GlobalSign GCC R45 CodeSigning CA 2020, Key Algorithm: RSA, Key Specification: '4096'
gsgccr45evcodesignca2020CA_gsgccr45evcodesignca2020, Signature Algorithm: SHA256WithRSA, Certificate Signing Key: Imported Production GlobalSign GCC R45 EV CodeSigning CA, Key Algorithm: RSA, Key Specification: '4096'
gsgccr45evcodesignca2020CA_gsgccr45evcodesignca2020ocsp, Signature Algorithm: SHA256WithRSA, Certificate Signing Key: Imported Production GlobalSign GCC R45 EV CodeSigning CA, Key Algorithm: RSA, Key Specification: '4096'
gsgccr45personalsign3ca2020CA_gsgccr45personalsign3ca2020, Signature Algorithm: Inherit from Issuing CA, Certificate Signing Key: Imported Production GlobalSign GCC R45 PersonalSign 3 CA, Key Algorithm: RSA, Key Specification: '4096'
gsgccr45personalsign3ca2020CA_gsgccr45personalsign3ca2020ocsp, Signature Algorithm: Inherit from Issuing CA, Certificate Signing Key: Imported Production GlobalSign GCC R45 PersonalSign 3 CA, Key Algorithm: RSA, Key Specification: '4096'
gsgccr45personalsign3ca2022_certprofile-ocsp, Signature Algorithm: Inherit from Issuing CA, Certificate Signing Key: Imported Production GlobalSign GCC R45 PersonalSign 3 CA, Key Algorithm: RSA, Key Specification: '4096'
gsgccr45personalsign3ca2022_certprofile, Signature Algorithm: Inherit from Issuing CA, Certificate Signing Key: Imported Production GlobalSign GCC R45 PersonalSign 3 CA, Key Algorithm: RSA, Key Specification: '4096'
gsgccr45qualqscdsignca2020CA_gsgccr45qualqscdsignca2020, Signature Algorithm: SHA256WithRSA, Certificate Signing Key: Imported Production GlobalSign GCC R45 Qualified QSCD Signing, Key Algorithm: RSA, Key Specification: '4096'
gsgccr45qualqscdsignca2020CA_gsgccr45qualqscdsignca2020ocsp, Signature Algorithm: Inherit from Issuing CA, Certificate Signing Key: Imported Production GlobalSign GCC R45 Qualified QSCD Signing, Key Algorithm: RSA, Key Specification: '4096'
gsgccr45qualqscdsignca2020CA_gsgccr45qualqscdsignca2020psd, Signature Algorithm: SHA256WithRSA, Certificate Signing Key: Imported Production GlobalSign GCC R45 Qualified QSCD Signing, Key Algorithm: RSA, Key Specification: '4096'
gsgccr45qualsignca2020CA_gsgccr45qualsignca2020ocsp, Signature Algorithm: Inherit from Issuing CA, Certificate Signing Key: Imported Production GlobalSign GCC R45 Qualified Signing, Key Algorithm: RSA, Key Specification: '4096'
gsgccr45qualsignca2020CA_gsgccr45qualsignca2020psd, Signature Algorithm: SHA256WithRSA, Certificate Signing Key: Imported Production GlobalSign GCC R45 Qualified Signing, Key Algorithm: RSA, Key Specification: '4096'
gsgccr45ukqualqscdsignca2020CA_gsgccr45ukqualqscdsignca2020, Signature Algorithm: SHA256WithRSA, Certificate Signing Key: Imported Production GlobalSign Demo Issuing CA Certificate, Key Algorithm: RSA, Key Specification: '2048'
gsgccr45ukqualqscdsignca2020CA_gsgccr45ukqualqscdsignca2020ocsp, Signature Algorithm: Inherit from Issuing CA, Certificate Signing Key: Imported Production GlobalSign GCC R45 UK Qualified QSCD, Key Algorithm: RSA, Key Specification: '4096'
gsgccr45ukqualsignca2020CA_gsgccr45ukqualsignca2020, Signature Algorithm: SHA256WithRSA, Certificate Signing Key: Imported Production GlobalSign Demo Issuing CA Certificate, Key Algorithm: RSA, Key Specification: '2048'
gsgccr45ukqualsignca2020CA_gsgccr45ukqualsignca2020ocsp, Signature Algorithm: Inherit from Issuing CA, Certificate Signing Key: Imported Production GlobalSign GCC R45 UK Qualified Signing, Key Algorithm: RSA, Key Specification: '4096'
gsgccr45ukqualsignca2020CA_gsgccr45ukqualsignca2020psd, Signature Algorithm: SHA256WithRSA, Certificate Signing Key: Imported Production GlobalSign Demo Issuing CA Certificate, Key Algorithm: RSA, Key Specification: '2048'
gsgccr6aatlca2020CA_gsgccr6aatlca2020, Signature Algorithm: Inherit from Issuing CA, Certificate Signing Key: GlobalSign GCC R6 AATL CA 2020, Key Algorithm: RSA, Key Specification: '2048'
gsgccr6aatlca2020CA_gsgccr6aatlca2020ocsp, Signature Algorithm: Inherit from Issuing CA, Certificate Signing Key: GlobalSign GCC R6 AATL CA 2020, Key Algorithm: RSA, Key Specification: '2048'
gsgccr6smimeca2023_certprofile-ocsp, Signature Algorithm: Inherit from Issuing CA, Certificate Signing Key: Imported Production GlobalSign GCC R6 SMIME CA 2023 Certificate, Key Algorithm: RSA, Key Specification: '4096'
gsgccr6smimeca2023_certprofile-rsassa-pss, Signature Algorithm: SHA256withRSAandMGF1, Certificate Signing Key: Imported Production GlobalSign GCC R6 SMIME CA 2023 Certificate, Key Algorithm: RSA, Key Specification: '4096'
gsgccr6smimeca2023_certprofile, Signature Algorithm: Inherit from Issuing CA, Certificate Signing Key: Imported Production GlobalSign GCC R6 SMIME CA 2023 Certificate, Key Algorithm: RSA, Key Specification: '4096'
gshvecciotroot2018CA_gshvecciotroot2018ocsp, Signature Algorithm: Inherit from Issuing CA, Certificate Signing Key: GlobalSign HV ECC IoT Root CA 2018, Key Algorithm: ECDSA, Key Specification: P-384
gshvrsaiotroot2018CA_gshvrsaiotroot2018ocsp, Signature Algorithm: SHA256WithRSA, Certificate Signing Key: GlobalSign HV RSA IoT Root CA 2018, Key Algorithm: RSA, Key Specification: '2048'
gsnaesb4096sha384g4CA_gsnaesb4096sha384g4, Signature Algorithm: SHA384WithRSA, Certificate Signing Key: Imported Production NAESB Issuing CA - SHA384 - G4 Certificate, 
gsnaesb4096sha384g4CA_gsnaesb4096sha384g4ocsp, Signature Algorithm: Inherit from Issuing CA, Certificate Signing Key: Imported Production NAESB Issuing CA - SHA384 - G4 Certificate, 
gsnonpublicrootr43_certprofile-ocsp, Signature Algorithm: Inherit from Issuing CA, Certificate Signing Key: GlobalSign Non-Public Root R43, Key Algorithm: RSA, Key Specification: '2048'
gsps1sha1g2CA_gsps1sha1g2, Signature Algorithm: Inherit from Issuing CA, Certificate Signing Key: PersonalSign1G2, Key Algorithm: RSA, Key Specification: '2048'
gsps1sha1g3CA_gsps1sha1g3, Signature Algorithm: Inherit from Issuing CA, Certificate Signing Key: Imported Production GlobalSign PersonalSign 1 CA - G3 Certificate, 
gsps1sha1g3CA_gsps1sha1g3ocsp, Signature Algorithm: Inherit from Issuing CA, Certificate Signing Key: Imported Production GlobalSign PersonalSign 1 CA - G3 Certificate, 
gsps1sha2g2CA_gsps1sha2g2, Signature Algorithm: Inherit from Issuing CA, Certificate Signing Key: PersonalSign1G2SHA2, Key Algorithm: RSA, Key Specification: '2048'
gsps1sha2g3CA_gsps1sha2g3, Signature Algorithm: Inherit from Issuing CA, Certificate Signing Key: Imported Production GlobalSign PersonalSign 1 CA - SHA256, 
gsps1sha2g3CA_gsps1sha2g3ocsp, Signature Algorithm: Inherit from Issuing CA, Certificate Signing Key: Imported Production GlobalSign PersonalSign 1 CA - SHA256, 
gsps2sha1g2CA_gsps2sha1g2, Signature Algorithm: Inherit from Issuing CA, Certificate Signing Key: PersonalSign2G2, Key Algorithm: RSA, Key Specification: '2048'
gsps2sha1g2CA_gsps2sha1g2ocsp, Signature Algorithm: Inherit from Issuing CA, Certificate Signing Key: PersonalSign2G2, Key Algorithm: RSA, Key Specification: '2048'
gsps2sha1g3CA_gsps2sha1g3, Signature Algorithm: Inherit from Issuing CA, Certificate Signing Key: Imported Production GlobalSign PersonalSign 2 CA - G3 Certificate, 
gsps2sha1g3CA_gsps2sha1g3ocsp, Signature Algorithm: Inherit from Issuing CA, Certificate Signing Key: Imported Production GlobalSign PersonalSign 2 CA - G3 Certificate, 
gsps2sha2g2CA_gsps2sha2g2, Signature Algorithm: Inherit from Issuing CA, Certificate Signing Key: PersonalSign2G2SHA2, Key Algorithm: RSA, Key Specification: '2048'
gsps2sha2g2CA_gsps2sha2g2ocsp, Signature Algorithm: Inherit from Issuing CA, Certificate Signing Key: PersonalSign2G2SHA2, Key Algorithm: RSA, Key Specification: '2048'
gsps2sha2g3CA_gsps2sha2g3, Signature Algorithm: Inherit from Issuing CA, Certificate Signing Key: Imported Production GlobalSign PersonalSign 2 CA - SHA256, 
gsps2sha2g3CA_gsps2sha2g3ocsp, Signature Algorithm: Inherit from Issuing CA, Certificate Signing Key: Imported Production GlobalSign PersonalSign 2 CA - SHA256, 
gsps2sha2g3RSASSACA_gsps2sha2g3RSASSA, Signature Algorithm: SHA256withRSAandMGF1, Certificate Signing Key: Imported Production GlobalSign PersonalSign 2 CA - SHA256, 
gsps2sha2g4CA_gsps2sha2g4, Signature Algorithm: Inherit from Issuing CA, Certificate Signing Key: Imported Production GlobalSign PersonalSign 2 RSA CA SHA, 
gsps2sha2g4CA_gsps2sha2g4ocsp, Signature Algorithm: Inherit from Issuing CA, Certificate Signing Key: Imported Production GlobalSign PersonalSign 2 RSA CA SHA, 
gsps3sha1g2CA_gsps3sha1g2, Signature Algorithm: Inherit from Issuing CA, Certificate Signing Key: PersonalSign3G2, Key Algorithm: RSA, Key Specification: '2048'
gsps3sha1g3CA_gsps3sha1g3, Signature Algorithm: Inherit from Issuing CA, Certificate Signing Key: Imported Production GlobalSign PersonalSign 3 CA - G3 Certificate, 
gsps3sha1g3CA_gsps3sha1g3ocsp, Signature Algorithm: Inherit from Issuing CA, Certificate Signing Key: Imported Production GlobalSign PersonalSign 3 CA - G3 Certificate, 
gsps3sha2g2CA_gsps3sha2g2, Signature Algorithm: Inherit from Issuing CA, Certificate Signing Key: PersonalSign3G2SHA2, Key Algorithm: RSA, Key Specification: '2048'
gsps3sha2g3CA_gsps3sha2g3, Signature Algorithm: Inherit from Issuing CA, Certificate Signing Key: Imported Production GlobalSign PersonalSign 3 CA - SHA256, 
gsps3sha2g3CA_gsps3sha2g3ocsp, Signature Algorithm: Inherit from Issuing CA, Certificate Signing Key: Imported Production GlobalSign PersonalSign 3 CA - SHA256, 
gsps3sha2g3RSASSACA_gsps3sha2g3RSASSA, Signature Algorithm: SHA256withRSAandMGF1, Certificate Signing Key: Imported Production GlobalSign PersonalSign 3 CA - SHA256, 
gspsptrnssha1g2CA_gspsptrnssha1g2, Signature Algorithm: Inherit from Issuing CA, Certificate Signing Key: PersonalSignPartnersG2, Key Algorithm: RSA, Key Specification: '2048'
gspsptrnssha1g2CA_gspsptrnssha1g2ocsp, Signature Algorithm: Inherit from Issuing CA, Certificate Signing Key: PersonalSignPartnersG2, Key Algorithm: RSA, Key Specification: '2048'
gspsptrnssha2g2CA_gspsptrnssha2g2, Signature Algorithm: Inherit from Issuing CA, Certificate Signing Key: PersonalSignPartnersG2SHA2, 
gspsptrnssha2g2CA_gspsptrnssha2g2ocsp, Signature Algorithm: Inherit from Issuing CA, Certificate Signing Key: PersonalSignPartnersG2SHA2, 
gsptnstsacaaatlsha2g4CA_gsptnstsacaaatlsha2g4ocsp, Signature Algorithm: Inherit from Issuing CA, Certificate Signing Key: GlobalSign Partners TSA CA for AATL, Key Algorithm: RSA, Key Specification: '2048'
gsptnstsacaaatlsha2g4_gsptnstsacaaatlsha2g4CA, Signature Algorithm: Inherit from Issuing CA, Certificate Signing Key: GlobalSign Partners TSA CA for AATL, Key Algorithm: RSA, Key Specification: '2048'
gsptnstsacasha384g4CA_gsptnstsacasha384g4ocsp, Signature Algorithm: Inherit from Issuing CA, Certificate Signing Key: Imported Production GlobalSign Partners Timestamping CA, Key Algorithm: RSA, Key Specification: '4096'
gsptnstsacasha384g4_gsptnstsacasha384g4CA, Signature Algorithm: Inherit from Issuing CA, Certificate Signing Key: Imported Production GlobalSign Partners Timestamping CA, Key Algorithm: RSA, Key Specification: '4096'
gsqca1sha2g4_gsqca1sha2g4CA, Signature Algorithm: SHA256WithRSA, Certificate Signing Key: GlobalSign Qualified CA 1, 
gsqca1sha2g4_gsqca1sha2g4ocsp, Signature Algorithm: Inherit from Issuing CA, Certificate Signing Key: GlobalSign Qualified CA 1, 
gsqca1sha2g4_gsqca1sha2g4psd, Signature Algorithm: SHA256WithRSA, Certificate Signing Key: GlobalSign Qualified CA 1, 
gsqtsca2019CA_gsqtsca2019, Signature Algorithm: SHA256WithRSA, Certificate Signing Key: Imported Production GlobalSign Qualified Time Stamping, 
gsqtsca2019CA_gsqtsca2019ocsp, Signature Algorithm: Inherit from Issuing CA, Certificate Signing Key: Imported Production GlobalSign Qualified Time Stamping, 
gsr45aatlrootca2020CA_gsr45aatlrootca2020ocsp, Signature Algorithm: Inherit from Issuing CA, Certificate Signing Key: Imported Production GlobalSign R45 AATL Root CA 2020 Certificate, Key Algorithm: RSA, Key Specification: '4096'
gsr6admincasha256g3CA_gsr6admincasha256g3, Signature Algorithm: Inherit from Issuing CA, Certificate Signing Key: Imported Production GlobalSign R6 Admin CA - SHA256 - G3, 
gsr6admincasha256g3CA_gsr6admincasha256g3ocsp, Signature Algorithm: Inherit from Issuing CA, Certificate Signing Key: Imported Production GlobalSign R6 Admin CA - SHA256 - G3, 
gsr6rsaevsslca2019CA_gsr6rsaevsslca2019, Signature Algorithm: SHA384WithRSA, Certificate Signing Key: Imported Production GlobalSign R6 RSA EV SSL CA 2019 Certificate, 
gsr6rsaevsslca2019CA_gsr6rsaevsslca2019ct, Signature Algorithm: SHA384WithRSA, Certificate Signing Key: Imported Production GlobalSign R6 RSA EV SSL CA 2019 Certificate, 
gsr6rsaevsslca2019CA_gsr6rsaevsslca2019ocsp, Signature Algorithm: Inherit from Issuing CA, Certificate Signing Key: Imported Production GlobalSign R6 RSA EV SSL CA 2019 Certificate, 
gsr7admincasha256g3CA_gsr7admincasha256g3, Signature Algorithm: Inherit from Issuing CA, Certificate Signing Key: Imported Production GlobalSign R7 Admin CA - SHA256 - G3, Key Algorithm: ECDSA, Key Specification: P-256
gsr7admincasha256g3CA_gsr7admincasha256g3ocsp, Signature Algorithm: Inherit from Issuing CA, Certificate Signing Key: Imported Production GlobalSign R7 Admin CA - SHA256 - G3, Key Algorithm: ECDSA, Key Specification: P-256
gsr8admincasha256g3CA_gsr8admincasha256g3, Signature Algorithm: Inherit from Issuing CA, Certificate Signing Key: Imported Production GlobalSign R8 Admin CA - SHA256 - G3, Key Algorithm: ECDSA, Key Specification: P-256
gsr8admincasha256g3CA_gsr8admincasha256g3ocsp, Signature Algorithm: Inherit from Issuing CA, Certificate Signing Key: Imported Production GlobalSign R8 Admin CA - SHA256 - G3, Key Algorithm: ECDSA, Key Specification: P-256
gsrsadvsslca2018CA_gsrsadvsslca2018, Signature Algorithm: Inherit from Issuing CA, Certificate Signing Key: Imported Production GlobalSign RSA DV SSL CA 2018 Certificate, 
gsrsadvsslca2018CA_gsrsadvsslca2018ocsp, Signature Algorithm: Inherit from Issuing CA, Certificate Signing Key: Imported Production GlobalSign RSA DV SSL CA 2018 Certificate, 
gsrsaevqwac2019CA_gsrsaevqwac2019, Signature Algorithm: SHA256WithRSA, Certificate Signing Key: Imported Production GlobalSign RSA EV QWAC CA 2019 Certificate, 
gsrsaevqwac2019CA_gsrsaevqwac2019ct, Signature Algorithm: SHA256WithRSA, Certificate Signing Key: Imported Production GlobalSign RSA EV QWAC CA 2019 Certificate, 
gsrsaevqwac2019CA_gsrsaevqwac2019ocsp, Signature Algorithm: Inherit from Issuing CA, Certificate Signing Key: Imported Production GlobalSign RSA EV QWAC CA 2019 Certificate, 
gsrsaevqwac2019CA_gsrsaevqwac2019psd, Signature Algorithm: SHA256WithRSA, Certificate Signing Key: Imported Production GlobalSign RSA EV QWAC CA 2019 Certificate, 
gsrsaevqwac2019CA_gsrsaevqwac2019psdct, Signature Algorithm: SHA256WithRSA, Certificate Signing Key: Imported Production GlobalSign RSA EV QWAC CA 2019 Certificate, 
gsrsaevsslca2019CA_gsrsaevsslca2019, Signature Algorithm: SHA384WithRSA, Certificate Signing Key: Imported Production GlobalSign RSA EV SSL CA 2019 Certificate, 
gsrsaevsslca2019CA_gsrsaevsslca2019ct, Signature Algorithm: SHA384WithRSA, Certificate Signing Key: Imported Production GlobalSign RSA EV SSL CA 2019 Certificate, 
gsrsaevsslca2019CA_gsrsaevsslca2019ocsp, Signature Algorithm: Inherit from Issuing CA, Certificate Signing Key: Imported Production GlobalSign RSA EV SSL CA 2019 Certificate, 
gsrsaovsslca2018CA_gsrsaovsslca2018, Signature Algorithm: Inherit from Issuing CA, Certificate Signing Key: Imported Production GlobalSign RSA OV SSL CA 2018 Certificate, Key Algorithm: RSA, Key Specification: '2048'
gsrsaovsslca2018CA_gsrsaovsslca2018ct, Signature Algorithm: Inherit from Issuing CA, Certificate Signing Key: Imported Production GlobalSign RSA OV SSL CA 2018 Certificate, Key Algorithm: RSA, Key Specification: '2048'
gsrsaovsslca2018CA_gsrsaovsslca2018ocsp, Signature Algorithm: Inherit from Issuing CA, Certificate Signing Key: Imported Production GlobalSign RSA OV SSL CA 2018 Certificate, Key Algorithm: RSA, Key Specification: '2048'
gstimestampingg3CA_gstimestampingg3CA, Signature Algorithm: Inherit from Issuing CA, Certificate Signing Key: Imported Production GlobalSign Timestamping CA - G3 Certificate, Key Algorithm: RSA, Key Specification: '2048'
gstimestampingg3CA_gstimestampingg3ocsp, Signature Algorithm: Inherit from Issuing CA, Certificate Signing Key: Imported Production GlobalSign Timestamping CA - G3 Certificate, Key Algorithm: RSA, Key Specification: '2048'
gstimestampingsha1g2CA_gstimestampingsha1g2CA, Signature Algorithm: Inherit from Issuing CA, Certificate Signing Key: TimeStampingG2, 
gstimestampingsha1g2CA_gstimestampingsha1g2ocsp, Signature Algorithm: Inherit from Issuing CA, Certificate Signing Key: TimeStampingG2, 
gstimestampingsha1g2CA_gstimestampingsha1g2ocspnew, Signature Algorithm: Inherit from Issuing CA, Certificate Signing Key: TimeStampingG2, 
gstimestampingsha2g2CA_gstimestampingsha2g2CA, Signature Algorithm: Inherit from Issuing CA, Certificate Signing Key: TimeStampingG2SHA2, 
gstimestampingsha2g2CA_gstimestampingsha2g2ocsp, Signature Algorithm: Inherit from Issuing CA, Certificate Signing Key: TimeStampingG2SHA2, 
gstimestampingsha2g2CA_gstimestampingsha2g2ocspnew, Signature Algorithm: Inherit from Issuing CA, Certificate Signing Key: TimeStampingG2SHA2, 
gstimestampingsha2g3CA_gstimestampingsha2g3CA, Signature Algorithm: Inherit from Issuing CA, Certificate Signing Key: Imported Production GlobalSign Timestamping CA - SHA256, Key Algorithm: RSA, Key Specification: '2048'
gstimestampingsha2g3CA_gstimestampingsha2g3ocsp, Signature Algorithm: Inherit from Issuing CA, Certificate Signing Key: Imported Production GlobalSign Timestamping CA - SHA256, Key Algorithm: RSA, Key Specification: '2048'
gvcgroupica2019CA_gvcgroupica2019, Signature Algorithm: SHA256WithRSA, Certificate Signing Key: Imported Production GVC Group ICA 2019 (new) Certificate, Key Algorithm: RSA, Key Specification: '4096'
gvcgroupica2019CA_gvcgroupica2019ocsp, Signature Algorithm: Inherit from Issuing CA, Certificate Signing Key: Imported Production GVC Group ICA 2019 (new) Certificate, Key Algorithm: RSA, Key Specification: '4096'
gvcgroupica2019CA_gvcgroupica2019prv, Signature Algorithm: SHA256WithRSA, Certificate Signing Key: Imported Production GVC Group ICA 2019 (new) Certificate, Key Algorithm: RSA, Key Specification: '4096'
haulmerprivaterootca2021CA_haulmerprivaterootca2021ocsp, Signature Algorithm: Inherit from Issuing CA, Certificate Signing Key: Haulmer Private Root CA 2021, Key Algorithm: RSA, Key Specification: '4096'
hdsrootca2020CA_hdsrootca2020CAocsp, Signature Algorithm: Inherit from Issuing CA, Certificate Signing Key: HD Supply Root CA 2020, Key Algorithm: RSA, Key Specification: '2048'
hertzgccr45smimeca2020CA_hertzgccr45smimeca2020, Signature Algorithm: Inherit from Issuing CA, Certificate Signing Key: Imported Production HERTZ GCC R45 SMIME CA 2020 Certificate, Key Algorithm: RSA, Key Specification: '2048'
hertzgccr45smimeca2020CA_hertzgccr45smimeca2020ocsp, Signature Algorithm: Inherit from Issuing CA, Certificate Signing Key: Imported Production HERTZ GCC R45 SMIME CA 2020 Certificate, Key Algorithm: RSA, Key Specification: '2048'
hertzintermediateCA_hertzintermediate, Signature Algorithm: Inherit from Issuing CA, Certificate Signing Key: HERTZ Intermediate CA, Key Algorithm: RSA, Key Specification: '2048'
hertzintermediateCA_hertzintermediateocsp, Signature Algorithm: Inherit from Issuing CA, Certificate Signing Key: HERTZ Intermediate CA, Key Algorithm: RSA, Key Specification: '2048'
hertzsha2cag2CA_hertzsha2cag2, Signature Algorithm: Inherit from Issuing CA, Certificate Signing Key: HERTZ SHA256 CA - G2, 
hertzsha2cag2CA_hertzsha2cag2ocsp, Signature Algorithm: Inherit from Issuing CA, Certificate Signing Key: HERTZ SHA256 CA - G2, 
hitachicertee, Signature Algorithm: Inherit from Issuing CA, Certificate Signing Key: HP_ICA_cert, Key Algorithm: RSA, Key Specification: '2048'
huntingtonbeachmicaCA_huntingtonbeachmica, Signature Algorithm: Inherit from Issuing CA, Certificate Signing Key: Imported Production Huntington Beach Machine Certs ICA, Key Algorithm: RSA, Key Specification: '4096'
huntingtonbeachmicaCA_huntingtonbeachmicaocsp, Signature Algorithm: Inherit from Issuing CA, Certificate Signing Key: Imported Production Huntington Beach Machine Certs ICA, Key Algorithm: RSA, Key Specification: '4096'
huntingtonbeachrootCA_huntingtonbeachrootocsp, Signature Algorithm: Inherit from Issuing CA, Certificate Signing Key: City of Huntington Beach Root CA - R1, Key Algorithm: RSA, Key Specification: '4096'
hyperiongccr3smimeca2020CA_hyperiongccr3smimeca2020, Signature Algorithm: Inherit from Issuing CA, Certificate Signing Key: Imported Production Hyperion GCC R3 SMIME CA 2020 Certificate, Key Algorithm: RSA, Key Specification: '2048'
hyperiongccr3smimeca2020CA_hyperiongccr3smimeca2020ocsp, Signature Algorithm: Inherit from Issuing CA, Certificate Signing Key: Imported Production Hyperion GCC R3 SMIME CA 2020 Certificate, Key Algorithm: RSA, Key Specification: '2048'
hyperionrootCA_hyperionroot, Signature Algorithm: Inherit from Issuing CA, Certificate Signing Key: Hyperion Root CA 2018, Key Algorithm: RSA, Key Specification: '2048'
hyperionrsaCA_hyperionrsa, Signature Algorithm: Inherit from Issuing CA, Certificate Signing Key: Hyperion RSA CA 2018, Key Algorithm: RSA, Key Specification: '2048'
hyperionrsaCA_hyperionrsaocsp, Signature Algorithm: Inherit from Issuing CA, Certificate Signing Key: Hyperion RSA CA 2018, Key Algorithm: RSA, Key Specification: '2048'
hyperionsmimeCA_hyperionsmime, Signature Algorithm: Inherit from Issuing CA, Certificate Signing Key: Hyperion SMIME CA 2018, 
hyperionsmimeCA_hyperionsmimeocsp, Signature Algorithm: Inherit from Issuing CA, Certificate Signing Key: Hyperion SMIME CA 2018, 
icpedusha2g2CA_icpedusha2g2, Signature Algorithm: Inherit from Issuing CA, Certificate Signing Key: ICPEduRNP, Key Algorithm: RSA, Key Specification: '2048'
icpedusha2g2CA_icpedusha2g2ct, Signature Algorithm: Inherit from Issuing CA, Certificate Signing Key: ICPEduRNP, Key Algorithm: RSA, Key Specification: '2048'
icpedusha2g2CA_icpedusha2g2ocsp, Signature Algorithm: Inherit from Issuing CA, Certificate Signing Key: ICPEduRNP, Key Algorithm: RSA, Key Specification: '2048'
icpedusha2g2newCA_icpedusha2g2, Signature Algorithm: Inherit from Issuing CA, Certificate Signing Key: ICPEduRNP, Key Algorithm: RSA, Key Specification: '2048'
icpedusha2g2newCA_icpedusha2g2ct, Signature Algorithm: Inherit from Issuing CA, Certificate Signing Key: ICPEduRNP, Key Algorithm: RSA, Key Specification: '2048'
icpedusha2g2newCA_icpedusha2g2ocsp, Signature Algorithm: Inherit from Issuing CA, Certificate Signing Key: ICPEduRNP, Key Algorithm: RSA, Key Specification: '2048'
intranetssleccsha2g3CA_intranetssleccsha2g3, Signature Algorithm: Inherit from Issuing CA, Certificate Signing Key: Imported Production GlobalSign Non-Public ECC256 CA - G3, Key Algorithm: ECDSA, Key Specification: P-256
intranetssleccsha2g3CA_intranetssleccsha2g3ocsp, Signature Algorithm: Inherit from Issuing CA, Certificate Signing Key: Imported Production GlobalSign Non-Public ECC256 CA - G3, Key Algorithm: ECDSA, Key Specification: P-256
intranetsslg3CA_intranetsslg3, Signature Algorithm: Inherit from Issuing CA, Certificate Signing Key: Imported Production GlobalSign Non-Public SHA1 CA - G3, Key Algorithm: RSA, Key Specification: '2048'
intranetsslg3CA_intranetsslg3ocsp, Signature Algorithm: Inherit from Issuing CA, Certificate Signing Key: Imported Production GlobalSign Non-Public SHA1 CA - G3, Key Algorithm: RSA, Key Specification: '2048'
intranetsslsha2g3CA_intranetsslsha2g3, Signature Algorithm: Inherit from Issuing CA, Certificate Signing Key: Imported Production GlobalSign Non-Public SHA256 CA - G3, Key Algorithm: RSA, Key Specification: '2048'
intranetsslsha2g3CA_intranetsslsha2g3ocsp, Signature Algorithm: Inherit from Issuing CA, Certificate Signing Key: Imported Production GlobalSign Non-Public SHA256 CA - G3, Key Algorithm: RSA, Key Specification: '2048'
isonewenglandrootr1CA_isonewenglandrootr1, Signature Algorithm: Inherit from Issuing CA, Certificate Signing Key: ISONERootCA, Key Algorithm: RSA, Key Specification: '2048'
jcanpublicca1sha2g3CA_jcanpublicca1sha2g3, Signature Algorithm: Inherit from Issuing CA, Certificate Signing Key: JCANCA1G3, Key Algorithm: RSA, Key Specification: '2048'
jcanpublicca1sha2g4CA_jcanpublicca1sha2g4, Signature Algorithm: Inherit from Issuing CA, Certificate Signing Key: Imported Production JCAN Public CA1 - G4 Certificate, Key Algorithm: RSA, Key Specification: '2048'
jcanpublicca1sha2g4CA_jcanpublicca1sha2g4ocsp, Signature Algorithm: Inherit from Issuing CA, Certificate Signing Key: Imported Production JCAN Public CA1 - G4 Certificate, Key Algorithm: RSA, Key Specification: '2048'
jlrprivaterootca2023_certprofile-ocsp, Signature Algorithm: Inherit from Issuing CA, Certificate Signing Key: JLR Private Root CA 2023, Key Algorithm: RSA, Key Specification: '4096'
jlrprivicaCA_jlrprivica, Signature Algorithm: Inherit from Issuing CA, Certificate Signing Key: Imported Production JLR Private Issuing CA - ICA1 Certificate, Key Algorithm: RSA, Key Specification: '4096'
jlrprivicaCA_jlrprivicaocsp, Signature Algorithm: Inherit from Issuing CA, Certificate Signing Key: Imported Production JLR Private Issuing CA - ICA1 Certificate, Key Algorithm: RSA, Key Specification: '4096'
jlrprivrootCA_jlrprivrootocsp, Signature Algorithm: Inherit from Issuing CA, Certificate Signing Key: JLR Private Root CA - R1, Key Algorithm: RSA, Key Specification: '4096'
linquestgccr3smimeca2020CA_linquestgccr3smimeca2020, Signature Algorithm: Inherit from Issuing CA, Certificate Signing Key: Imported Production LinQuest GCC R3 SMIME CA 2020 Certificate, Key Algorithm: RSA, Key Specification: '2048'
linquestgccr3smimeca2020CA_linquestgccr3smimeca2020ocsp, Signature Algorithm: Inherit from Issuing CA, Certificate Signing Key: Imported Production LinQuest GCC R3 SMIME CA 2020 Certificate, Key Algorithm: RSA, Key Specification: '2048'
linquestsmimeca2020CA_linquestsmimeca2020, Signature Algorithm: Inherit from Issuing CA, Certificate Signing Key: Imported Production LinQuest SMIME CA 2020 Certificate, 
linquestsmimeca2020CA_linquestsmimeca2020ocsp, Signature Algorithm: Inherit from Issuing CA, Certificate Signing Key: Imported Production LinQuest SMIME CA 2020 Certificate, 
lutherburbanksavingsprivaterootca2023_certprofile-ocsp, Signature Algorithm: Inherit from Issuing CA, Certificate Signing Key: Luther Burbank Savings Private Root CA 2023, Key Algorithm: RSA, Key Specification: '2048'
lxirootCA_lxirootocsp, Signature Algorithm: SHA256WithRSA, Certificate Signing Key: LXI Root CA, Key Algorithm: RSA, Key Specification: '2048'
mathematicaicaCA_mathematicaica, Signature Algorithm: SHA256WithRSA, Certificate Signing Key: Mathematica Policy Research Intermediate CA, Key Algorithm: RSA, Key Specification: '2048'
mathematicaicaCA_mathematicaicaocsp, Signature Algorithm: Inherit from Issuing CA, Certificate Signing Key: Mathematica Policy Research Intermediate CA, Key Algorithm: RSA, Key Specification: '2048'
mathematicarootcar1CA_mathematicarootcar1, Signature Algorithm: SHA256WithRSA, Certificate Signing Key: Mathematica Policy Research Root CA - R1, Key Algorithm: RSA, Key Specification: '2048'
mindtreelimitedrootca2021CA_mindtreelimitedrootca2021ocsp, Signature Algorithm: Inherit from Issuing CA, Certificate Signing Key: Mindtree Limited Root CA 2021, Key Algorithm: RSA, Key Specification: '4096'
msctrustgatersaatlCA_msctrustgatersaatlca, Signature Algorithm: Inherit from Issuing CA, Certificate Signing Key: MSC Trustgate.com RSA AATL CA 2019, 
msctrustgatersaatlCA_msctrustgatersaatlocsp, Signature Algorithm: Inherit from Issuing CA, Certificate Signing Key: MSC Trustgate.com RSA AATL CA 2019, 
naesbgccr45clientauthca2020CA_naesbgccr45clientauthca2020, Signature Algorithm: SHA384WithRSA, Certificate Signing Key: Imported Production NAESB GCC R45 Client Authentication, Key Algorithm: RSA, Key Specification: '4096'
naesbgccr45clientauthca2020CA_naesbgccr45clientauthca2020ocsp, Signature Algorithm: Inherit from Issuing CA, Certificate Signing Key: Imported Production NAESB GCC R45 Client Authentication, Key Algorithm: RSA, Key Specification: '4096'
naesbsha2g2CA_naesbsha2g2, Signature Algorithm: Inherit from Issuing CA, Certificate Signing Key: NAESB, Key Algorithm: RSA, Key Specification: '2048'
naesbsha3g3CA_naesbsha3g3, Signature Algorithm: Inherit from Issuing CA, Certificate Signing Key: NAESB Issuing CA - SHA384 - G3, 
ncdorintermediateCA_ncdorintermediate, Signature Algorithm: Inherit from Issuing CA, Certificate Signing Key: NCDOR Intermediate CA, Key Algorithm: RSA, Key Specification: '2048'
ncdorintermediateCA_ncdorintermediateocsp, Signature Algorithm: Inherit from Issuing CA, Certificate Signing Key: NCDOR Intermediate CA, Key Algorithm: RSA, Key Specification: '2048'
ncdorsha2cag2CA_ncdorsha2cag2, Signature Algorithm: Inherit from Issuing CA, Certificate Signing Key: NCDOR SHA256 CA - G2, Key Algorithm: RSA, Key Specification: '2048'
ncdorsha2cag2CA_ncdorsha2cag2ocsp, Signature Algorithm: Inherit from Issuing CA, Certificate Signing Key: NCDOR SHA256 CA - G2, Key Algorithm: RSA, Key Specification: '2048'
nobleenergysha2g2CA_nobleenergysha2g2, Signature Algorithm: SHA256WithRSA, Certificate Signing Key: Imported Production Noble Energy SHA256 CA - G2 Certificate, Key Algorithm: RSA, Key Specification: '2048'
nobleenergysha2g2CA_nobleenergysha2g2ct, Signature Algorithm: SHA256WithRSA, Certificate Signing Key: Imported Production Noble Energy SHA256 CA - G2 Certificate, Key Algorithm: RSA, Key Specification: '2048'
nyisocollaborationCA_nyisocollaboration, Signature Algorithm: Inherit from Issuing CA, Certificate Signing Key: Imported Production NYISO ICA Collaboration Certificate, Key Algorithm: RSA, Key Specification: '2048'
nyisocollaborationCA_nyisocollaborationocsp, Signature Algorithm: Inherit from Issuing CA, Certificate Signing Key: Imported Production NYISO ICA Collaboration Certificate, Key Algorithm: RSA, Key Specification: '2048'
nyisoexternalCA_nyisoexternal, Signature Algorithm: Inherit from Issuing CA, Certificate Signing Key: Imported Production NYISO ICA External Certificate, Key Algorithm: RSA, Key Specification: '2048'
nyisoexternalCA_nyisoexternalocsp, Signature Algorithm: Inherit from Issuing CA, Certificate Signing Key: Imported Production NYISO ICA External Certificate, Key Algorithm: RSA, Key Specification: '2048'
nyisointernal1CA_nyisointernal1, Signature Algorithm: Inherit from Issuing CA, Certificate Signing Key: Imported Production NYISO ICA Internal1 Certificate, Key Algorithm: RSA, Key Specification: '2048'
nyisointernal1CA_nyisointernal1ocsp, Signature Algorithm: Inherit from Issuing CA, Certificate Signing Key: Imported Production NYISO ICA Internal1 Certificate, Key Algorithm: RSA, Key Specification: '2048'
nyisointernal2CA_nyisointernal2, Signature Algorithm: Inherit from Issuing CA, Certificate Signing Key: Imported Production NYISO ICA Internal2 Certificate, Key Algorithm: RSA, Key Specification: '2048'
nyisointernal2CA_nyisointernal2ocsp, Signature Algorithm: Inherit from Issuing CA, Certificate Signing Key: Imported Production NYISO ICA Internal2 Certificate, Key Algorithm: RSA, Key Specification: '2048'
OperatorCA_operators, Signature Algorithm: SHA1WithRSA, ovCA_ov, Signature Algorithm: SHA1WithRSA, Certificate Signing Key: OV_CA, Key Algorithm: RSA, Key Specification: '2048'
ovsha1g2CAT_ovsha1g2, Signature Algorithm: Inherit from Issuing CA, Certificate Signing Key: OrganizationValidationTestG2, Key Algorithm: RSA, Key Specification: '2048'
ovsha1g2CA_ovsha1g2, Signature Algorithm: Inherit from Issuing CA, Certificate Signing Key: OrganizationSSLG2, Key Algorithm: RSA, Key Specification: '2048'
ovsha1g2CA_ovsha1g2ocsp, Signature Algorithm: SHA256WithRSA, Certificate Signing Key: OrganizationSSLG2, Key Algorithm: RSA, Key Specification: '2048'
ovsha1g2CA_ovsha1g2ocsp_sha1, Signature Algorithm: Inherit from Issuing CA, Certificate Signing Key: OrganizationSSLG2, Key Algorithm: RSA, Key Specification: '2048'
ovsha2g2CA_ovsha2g2, Signature Algorithm: Inherit from Issuing CA, Certificate Signing Key: OrganizationSSLG2SHA2, Key Algorithm: RSA, Key Specification: '2048'
ovsha2g2CA_ovsha2g2ct, Signature Algorithm: Inherit from Issuing CA, Certificate Signing Key: OrganizationSSLG2SHA2, Key Algorithm: RSA, Key Specification: '2048'
ovsha2g2CA_ovsha2g2ocsp, Signature Algorithm: Inherit from Issuing CA, Certificate Signing Key: OrganizationSSLG2SHA2, Key Algorithm: RSA, Key Specification: '2048'
ovsha2g3CA_evovsha2g3ct, Signature Algorithm: Inherit from Issuing CA, Certificate Signing Key: Imported Production GlobalSign Organization Validation, Key Algorithm: RSA, Key Specification: '2048'
ovsha2g3CA_ovsha2g3, Signature Algorithm: Inherit from Issuing CA, Certificate Signing Key: Imported Production GlobalSign Organization Validation, Key Algorithm: RSA, Key Specification: '2048'
ovsha2g3CA_ovsha2g3ct, Signature Algorithm: Inherit from Issuing CA, Certificate Signing Key: Imported Production GlobalSign Organization Validation, Key Algorithm: RSA, Key Specification: '2048'
ovsha2g3CA_ovsha2g3ocsp, Signature Algorithm: Inherit from Issuing CA, Certificate Signing Key: Imported Production GlobalSign Organization Validation, Key Algorithm: RSA, Key Specification: '2048'
posdigicerticaCA_posdigicertica, Signature Algorithm: Inherit from Issuing CA, Certificate Signing Key: Pos Digicert Issuing CA, Key Algorithm: RSA, Key Specification: '2048'
posdigicerticaCA_posdigicerticaocsp, Signature Algorithm: Inherit from Issuing CA, Certificate Signing Key: Pos Digicert Issuing CA, Key Algorithm: RSA, Key Specification: '2048'
prodrivetechnologiesclientCA_prodrivetechnologiesclient, Signature Algorithm: Inherit from Issuing CA, Certificate Signing Key: Prodrive Technologies B.V. Client Issuing CA, Key Algorithm: RSA, Key Specification: '2048'
prodrivetechnologiesclientCA_prodrivetechnologiesclientocsp, Signature Algorithm: Inherit from Issuing CA, Certificate Signing Key: Prodrive Technologies B.V. Client Issuing CA, Key Algorithm: RSA, Key Specification: '2048'
prodrivetechnologiesgccr3ovtlsca2022CA_certprofile-ocsp, Signature Algorithm: Inherit from Issuing CA, Certificate Signing Key: Imported Production Prodrive Technologies GCC R3 OV TLS, Key Algorithm: RSA, Key Specification: '2048'
prodrivetechnologiesgccr3ovtlsca2022CA_certprofile, Signature Algorithm: Inherit from Issuing CA, Certificate Signing Key: Imported Production Prodrive Technologies GCC R3 OV TLS, Key Algorithm: RSA, Key Specification: '2048'
prodrivetechnologiesmicaCA_prodrivetechnologiesmica, Signature Algorithm: Inherit from Issuing CA, Certificate Signing Key: Prodrive Technologies B.V. Machine Issuing CA, Key Algorithm: RSA, Key Specification: '2048'
prodrivetechnologiesmicaCA_prodrivetechnologiesmicaocsp, Signature Algorithm: Inherit from Issuing CA, Certificate Signing Key: Prodrive Technologies B.V. Machine Issuing CA, Key Algorithm: RSA, Key Specification: '2048'
prodrivetechnologiesovsslCA_prodrivetechnologiesovssl, Signature Algorithm: Inherit from Issuing CA, Certificate Signing Key: Imported Production Prodrive Technologies B.V. OV SSL Issuing, Key Algorithm: RSA, Key Specification: '2048'
prodrivetechnologiesovsslCA_prodrivetechnologiesovsslocsp, Signature Algorithm: Inherit from Issuing CA, Certificate Signing Key: Imported Production Prodrive Technologies B.V. OV SSL Issuing, Key Algorithm: RSA, Key Specification: '2048'
pyronixca2020CA_pyronixca2020ocsp, Signature Algorithm: Inherit from Issuing CA, Certificate Signing Key: Pyronix Ltd CA 2020, Key Algorithm: ECDSA, Key Specification: P-384
qcssagccr3ca2020CA_qcssagccr3ca2020, Signature Algorithm: Inherit from Issuing CA, Certificate Signing Key: Imported Production Qutas Compade Seguros S.A. de C.V., Key Algorithm: RSA, Key Specification: '2048'
qcssagccr3ca2020CA_qcssagccr3ca2020CAocsp, Signature Algorithm: Inherit from Issuing CA, Certificate Signing Key: Imported Production Qutas Compade Seguros S.A. de C.V., Key Algorithm: RSA, Key Specification: '2048'
qcssasmimeca2019CA_qcssasmimeca2019, Signature Algorithm: Inherit from Issuing CA, Certificate Signing Key: Qulitas Compaa de Seguros S.A. de C.V., 
qcssasmimeca2019CA_qcssasmimeca2019CAocsp, Signature Algorithm: Inherit from Issuing CA, Certificate Signing Key: Qulitas Compaa de Seguros S.A. de C.V., 
revisellcrootca2023_certprofile-ocsp, Signature Algorithm: Inherit from Issuing CA, Certificate Signing Key: REVISE LIMITED LIABILITY COMPANY Root CA 2023, Key Algorithm: RSA, Key Specification: '4096'
rnpicpeduovsslca2019CA_rnpicpeduovsslca2019, Signature Algorithm: Inherit from Issuing CA, Certificate Signing Key: Imported Production RNP ICPEdu OV SSL CA 2019 Certificate, Key Algorithm: RSA, Key Specification: '2048'
rnpicpeduovsslca2019CA_rnpicpeduovsslca2019ct, Signature Algorithm: Inherit from Issuing CA, Certificate Signing Key: Imported Production RNP ICPEdu OV SSL CA 2019 Certificate, Key Algorithm: RSA, Key Specification: '2048'
rnpicpeduovsslca2019CA_rnpicpeduovsslca2019ocsp, Signature Algorithm: Inherit from Issuing CA, Certificate Signing Key: Imported Production RNP ICPEdu OV SSL CA 2019 Certificate, Key Algorithm: RSA, Key Specification: '2048'
rnpicpeduovsslca2019newCA_rnpicpeduovsslca2019, Signature Algorithm: Inherit from Issuing CA, Certificate Signing Key: Imported Production RNP ICPEdu OV SSL CA 2019 Certificate, Key Algorithm: RSA, Key Specification: '2048'
rnpicpeduovsslca2019newCA_rnpicpeduovsslca2019ct, Signature Algorithm: Inherit from Issuing CA, Certificate Signing Key: Imported Production RNP ICPEdu OV SSL CA 2019 Certificate, Key Algorithm: RSA, Key Specification: '2048'
rnpicpeduovsslca2019newCA_rnpicpeduovsslca2019ocsp, Signature Algorithm: Inherit from Issuing CA, Certificate Signing Key: Imported Production RNP ICPEdu OV SSL CA 2019 Certificate, Key Algorithm: RSA, Key Specification: '2048'
roseburgintermediateCA_roseburgintermediate, Signature Algorithm: Inherit from Issuing CA, Certificate Signing Key: Roseburg Intermediate CA, Key Algorithm: RSA, Key Specification: '2048'
roseburgintermediateCA_roseburgintermediateocsp, Signature Algorithm: Inherit from Issuing CA, Certificate Signing Key: Roseburg Intermediate CA, Key Algorithm: RSA, Key Specification: '2048'
rtiintermediateCA_rtiintermediate, Signature Algorithm: Inherit from Issuing CA, Certificate Signing Key: RTI Intermediate CA, Key Algorithm: RSA, Key Specification: '2048'
rtiintermediateCA_rtiintermediateocsp, Signature Algorithm: Inherit from Issuing CA, Certificate Signing Key: RTI Intermediate CA, Key Algorithm: RSA, Key Specification: '2048'
rtisha2g2CA_rtisha2g2, Signature Algorithm: Inherit from Issuing CA, Certificate Signing Key: RTI SHA256 CA - G2, Key Algorithm: RSA, Key Specification: '2048'
rtisha2g2CA_rtisha2g2ocsp, Signature Algorithm: Inherit from Issuing CA, Certificate Signing Key: RTI SHA256 CA - G2, Key Algorithm: RSA, Key Specification: '2048'
rweclientauthiCA_rweclientauthica, Signature Algorithm: Inherit from Issuing CA, Certificate Signing Key: RWE Client Auth Issuing CA, Key Algorithm: RSA, Key Specification: '2048'
rweclientauthiCA_rweclientauthicaocsp, Signature Algorithm: Inherit from Issuing CA, Certificate Signing Key: RWE Client Auth Issuing CA, Key Algorithm: RSA, Key Specification: '2048'
rweprivaterootcar1CA_rweprivaterootcar1ocsp, Signature Algorithm: Inherit from Issuing CA, Certificate Signing Key: RWE Private Root CA R1, Key Algorithm: RSA, Key Specification: '2048'
rweserverauthiCA_rweserverauthica, Signature Algorithm: Inherit from Issuing CA, Certificate Signing Key: RWE Server Auth Issuing CA, Key Algorithm: RSA, Key Specification: '2048'
rweserverauthiCA_rweserverauthicaocsp, Signature Algorithm: Inherit from Issuing CA, Certificate Signing Key: RWE Server Auth Issuing CA, Key Algorithm: RSA, Key Specification: '2048'
shecadvsecureserverCA_shecadvsecureserver, Signature Algorithm: Inherit from Issuing CA, Certificate Signing Key: Imported Production SHECA DV Secure Server CA Certificate, Key Algorithm: RSA, Key Specification: '2048'
shecadvsecureserverCA_shecadvsecureserverocsp, Signature Algorithm: Inherit from Issuing CA, Certificate Signing Key: Imported Production SHECA DV Secure Server CA Certificate, Key Algorithm: RSA, Key Specification: '2048'
shecaevsecureserverCA_shecaevsecureserver, Signature Algorithm: Inherit from Issuing CA, Certificate Signing Key: Imported Production SHECA EV Secure Server CA Certificate, Key Algorithm: RSA, Key Specification: '2048'
shecaevsecureserverCA_shecaevsecureserverocsp, Signature Algorithm: Inherit from Issuing CA, Certificate Signing Key: Imported Production SHECA EV Secure Server CA Certificate, Key Algorithm: RSA, Key Specification: '2048'
shecaovsecureserverCA_shecaovsecureserver, Signature Algorithm: Inherit from Issuing CA, Certificate Signing Key: Imported Production SHECA OV Secure Server CA Certificate, Key Algorithm: RSA, Key Specification: '2048'
shecaovsecureserverCA_shecaovsecureserverocsp, Signature Algorithm: Inherit from Issuing CA, Certificate Signing Key: Imported Production SHECA OV Secure Server CA Certificate, Key Algorithm: RSA, Key Specification: '2048'
shecaovsecureservernewCA_shecaovsecureserver, Signature Algorithm: Inherit from Issuing CA, Certificate Signing Key: Imported Production SHECA OV Secure Server CA Certificate, Key Algorithm: RSA, Key Specification: '2048'
shecaovsecureservernewCA_shecaovsecureserverocsp, Signature Algorithm: Inherit from Issuing CA, Certificate Signing Key: Imported Production SHECA OV Secure Server CA Certificate, Key Algorithm: RSA, Key Specification: '2048'
shiseidoicaCA_shiseidoica, Signature Algorithm: SHA256WithRSA, Certificate Signing Key: SHISEIDO Intermediate CA 2020, Key Algorithm: RSA, Key Specification: '4096'
shiseidoicaCA_shiseidoicaocsp, Signature Algorithm: Inherit from Issuing CA, Certificate Signing Key: SHISEIDO Intermediate CA 2020, Key Algorithm: RSA, Key Specification: '4096'
shiseidorootCA_shiseidorootocsp, Signature Algorithm: Inherit from Issuing CA, Certificate Signing Key: SHISEIDO Root CA, Key Algorithm: RSA, Key Specification: '4096'
skuidclientauthCA_skuidclientauth, Signature Algorithm: SHA256WithRSA, Certificate Signing Key: Imported Production SKUID Client Authentication CA Certificate, Key Algorithm: RSA, Key Specification: '4096'
skuidclientauthCA_skuidclientauthocsp, Signature Algorithm: Inherit from Issuing CA, Certificate Signing Key: Imported Production SKUID Client Authentication CA Certificate, Key Algorithm: RSA, Key Specification: '4096'
solutidvsha2g3CA_solutidvsha2g3, Signature Algorithm: Inherit from Issuing CA, Certificate Signing Key: Imported Production Soluti CA - DV Certificate, Key Algorithm: RSA, Key Specification: '2048'
solutidvsha2g3CA_solutidvsha2g3ocsp, Signature Algorithm: Inherit from Issuing CA, Certificate Signing Key: Imported Production Soluti CA - DV Certificate, Key Algorithm: RSA, Key Specification: '2048'
solutidvsha2g3newCA_solutidvsha2g3, Signature Algorithm: Inherit from Issuing CA, Certificate Signing Key: Imported Production Soluti CA - DV Certificate, Key Algorithm: RSA, Key Specification: '2048'
solutidvsha2g3newCA_solutidvsha2g3ocsp, Signature Algorithm: Inherit from Issuing CA, Certificate Signing Key: Imported Production Soluti CA - DV Certificate, Key Algorithm: RSA, Key Specification: '2048'
solutievsha2g3CA_solutievsha2g3, Signature Algorithm: Inherit from Issuing CA, Certificate Signing Key: Imported Production Soluti CA - EV Certificate, Key Algorithm: RSA, Key Specification: '2048'
solutievsha2g3CA_solutievsha2g3ct, Signature Algorithm: Inherit from Issuing CA, Certificate Signing Key: Imported Production Soluti CA - EV Certificate, Key Algorithm: RSA, Key Specification: '2048'
solutievsha2g3CA_solutievsha2g3ctocsp, Signature Algorithm: Inherit from Issuing CA, Certificate Signing Key: Imported Production Soluti CA - EV Certificate, Key Algorithm: RSA, Key Specification: '2048'
solutievsha2g3newCA_solutievsha2g3, Signature Algorithm: Inherit from Issuing CA, Certificate Signing Key: Imported Production Soluti CA - EV Certificate, Key Algorithm: RSA, Key Specification: '2048'
solutievsha2g3newCA_solutievsha2g3ct, Signature Algorithm: Inherit from Issuing CA, Certificate Signing Key: Imported Production Soluti CA - EV Certificate, Key Algorithm: RSA, Key Specification: '2048'
solutievsha2g3newCA_solutievsha2g3ocsp, Signature Algorithm: Inherit from Issuing CA, Certificate Signing Key: Imported Production Soluti CA - EV Certificate, Key Algorithm: RSA, Key Specification: '2048'
solutiovsha2g3CA_solutiovsha2g3, Signature Algorithm: Inherit from Issuing CA, Certificate Signing Key: Imported Production Soluti CA - OV Certificate, Key Algorithm: RSA, Key Specification: '2048'
solutiovsha2g3CA_solutiovsha2g3ct, Signature Algorithm: Inherit from Issuing CA, Certificate Signing Key: Imported Production Soluti CA - OV Certificate, Key Algorithm: RSA, Key Specification: '2048'
solutiovsha2g3CA_solutiovsha2g3ocsp, Signature Algorithm: Inherit from Issuing CA, Certificate Signing Key: Imported Production Soluti CA - OV Certificate, Key Algorithm: RSA, Key Specification: '2048'
solutiovsha2g3newCA_solutiovsha2g3, Signature Algorithm: Inherit from Issuing CA, Certificate Signing Key: Imported Production Soluti CA - OV Certificate, Key Algorithm: RSA, Key Specification: '2048'
solutiovsha2g3newCA_solutiovsha2g3ct, Signature Algorithm: Inherit from Issuing CA, Certificate Signing Key: Imported Production Soluti CA - OV Certificate, Key Algorithm: RSA, Key Specification: '2048'
solutiovsha2g3newCA_solutiovsha2g3ocsp, Signature Algorithm: Inherit from Issuing CA, Certificate Signing Key: Imported Production Soluti CA - OV Certificate, Key Algorithm: RSA, Key Specification: '2048'
spidercloudgccmachineauthica2020CA_spidercloudgccmachineauthica2020, Signature Algorithm: Inherit from Issuing CA, Certificate Signing Key: SpiderCloud GCC Machine Authentication ICA 2020, Key Algorithm: RSA, Key Specification: '2048'
spidercloudgccmachineauthica2020CA_spidercloudgccmachineauthica2020ocsp, Signature Algorithm: Inherit from Issuing CA, Certificate Signing Key: SpiderCloud GCC Machine Authentication ICA 2020, Key Algorithm: RSA, Key Specification: '2048'
spidercloudgccprivaterootca2020CA_spidercloudgccprivaterootca2020ocsp, Signature Algorithm: Inherit from Issuing CA, Certificate Signing Key: SpiderCloud GCC Private Root CA 2020, Key Algorithm: RSA, Key Specification: '2048'
spiritaerosysgccr45smimeca2020CA_spiritaerosysgccr45smimeca2020, Signature Algorithm: SHA256WithRSA, Certificate Signing Key: Imported Production Spirit AeroSystems GCC R45 SMIME CA, Key Algorithm: RSA, Key Specification: '2048'
spiritaerosysgccr45smimeca2020CA_spiritaerosysgccr45smimeca2020ocsp, Signature Algorithm: Inherit from Issuing CA, Certificate Signing Key: Imported Production Spirit AeroSystems GCC R45 SMIME CA, Key Algorithm: RSA, Key Specification: '2048'
spiritaerosysicaCA_spiritaerosysica, Signature Algorithm: SHA256WithRSA, Certificate Signing Key: Spirit AeroSystems Intermediate CA, Key Algorithm: RSA, Key Specification: '2048'
spiritaerosysicaCA_spiritaerosysicaocsp, Signature Algorithm: Inherit from Issuing CA, Certificate Signing Key: Spirit AeroSystems Intermediate CA, Key Algorithm: RSA, Key Specification: '2048'
spiritaerosyssha2cag2CA_spiritaerosyssha2cag2, Signature Algorithm: SHA256WithRSA, Certificate Signing Key: Spirit AeroSystems SHA256 CA - G2, 
spiritaerosyssha2cag2CA_spiritaerosyssha2cag2ocsp, Signature Algorithm: Inherit from Issuing CA, Certificate Signing Key: Spirit AeroSystems SHA256 CA - G2, 
stateofnhintermediateCA_stateofnhintermediate, Signature Algorithm: SHA256WithRSA, Certificate Signing Key: State of New Hampshire Intermediate CA, Key Algorithm: RSA, Key Specification: '2048'
stateofnhintermediateCA_stateofnhintermediateocsp, Signature Algorithm: Inherit from Issuing CA, Certificate Signing Key: State of New Hampshire Intermediate CA, Key Algorithm: RSA, Key Specification: '2048'
tafeswintermediateCA_tafeswintermediate, Signature Algorithm: Inherit from Issuing CA, Certificate Signing Key: TAFE-NSW Intermediate CA, Key Algorithm: RSA, Key Specification: '2048'
tafeswintermediateCA_tafeswintermediateocsp, Signature Algorithm: Inherit from Issuing CA, Certificate Signing Key: TAFE-NSW Intermediate CA, Key Algorithm: RSA, Key Specification: '2048'
tkeroot2020CA_tkeroot2020ocsp, Signature Algorithm: Inherit from Issuing CA, Certificate Signing Key: TK Elevator Private Root CA 2021, Key Algorithm: RSA, Key Specification: '4096'
trustloginclientauthcaCA_trustloginclientauthca, Signature Algorithm: SHA256WithRSA, Certificate Signing Key: Imported Production TrustLogin Client Authentication CA, Key Algorithm: RSA, Key Specification: '4096'
trustloginclientauthcaCA_trustloginclientauthcaocsp, Signature Algorithm: Inherit from Issuing CA, Certificate Signing Key: Imported Production TrustLogin Client Authentication CA, Key Algorithm: RSA, Key Specification: '4096'
uhsintermediateCA_uhsintermediate, Signature Algorithm: Inherit from Issuing CA, Certificate Signing Key: University Health System Intermediate CA, Key Algorithm: RSA, Key Specification: '2048'
uhsintermediateCA_uhsintermediateocsp, Signature Algorithm: Inherit from Issuing CA, Certificate Signing Key: University Health System Intermediate CA, Key Algorithm: RSA, Key Specification: '2048'
validalphasslca2018newCA_validalphasslcaCA, Signature Algorithm: Inherit from Issuing CA, Certificate Signing Key: Imported Production Valid Certificadora Digital AlphaSSL, Key Algorithm: RSA, Key Specification: '2048'
validalphasslca2018newCA_validalphasslocsp, Signature Algorithm: Inherit from Issuing CA, Certificate Signing Key: Imported Production Valid Certificadora Digital AlphaSSL, Key Algorithm: RSA, Key Specification: '2048'
validalphasslCA2018_validalphasslCA, Signature Algorithm: Inherit from Issuing CA, Certificate Signing Key: Imported Production Valid Certificadora Digital AlphaSSL, Key Algorithm: RSA, Key Specification: '2048'
validalphasslCA2018_validalphasslocsp, Signature Algorithm: Inherit from Issuing CA, Certificate Signing Key: Imported Production Valid Certificadora Digital AlphaSSL, Key Algorithm: RSA, Key Specification: '2048'
validssldvCA2018_validssldvCA, Signature Algorithm: Inherit from Issuing CA, Certificate Signing Key: Imported Production Valid Certificadora Digital SSL DV, Key Algorithm: RSA, Key Specification: '2048'
validssldvCA2018_validssldvocsp, Signature Algorithm: Inherit from Issuing CA, Certificate Signing Key: Imported Production Valid Certificadora Digital SSL DV, Key Algorithm: RSA, Key Specification: '2048'
validssldvnewCA2018_validssldvCA, Signature Algorithm: Inherit from Issuing CA, Certificate Signing Key: Imported Production Valid Certificadora Digital SSL DV, Key Algorithm: RSA, Key Specification: '2048'
validssldvnewCA2018_validssldvocsp, Signature Algorithm: Inherit from Issuing CA, Certificate Signing Key: Imported Production Valid Certificadora Digital SSL DV, Key Algorithm: RSA, Key Specification: '2048'
validsslevCA2018_validsslevCA, Signature Algorithm: Inherit from Issuing CA, Certificate Signing Key: Imported Production Valid Certificadora Digital SSL EV, Key Algorithm: RSA, Key Specification: '2048'
validsslevCA2018_validsslevocsp, Signature Algorithm: Inherit from Issuing CA, Certificate Signing Key: Imported Production Valid Certificadora Digital SSL EV, Key Algorithm: RSA, Key Specification: '2048'
validsslevnewCA2018_validsslevCA, Signature Algorithm: Inherit from Issuing CA, Certificate Signing Key: Imported Production Valid Certificadora Digital SSL EV, Key Algorithm: RSA, Key Specification: '2048'
validsslevnewCA2018_validsslevocsp, Signature Algorithm: Inherit from Issuing CA, Certificate Signing Key: Imported Production Valid Certificadora Digital SSL EV, Key Algorithm: RSA, Key Specification: '2048'
validsslovCA2018_validsslovCA, Signature Algorithm: Inherit from Issuing CA, Certificate Signing Key: Imported Production Valid Certificadora Digital SSL OV, Key Algorithm: RSA, Key Specification: '2048'
validsslovCA2018_validsslovocsp, Signature Algorithm: Inherit from Issuing CA, Certificate Signing Key: Imported Production Valid Certificadora Digital SSL OV, Key Algorithm: RSA, Key Specification: '2048'
validsslovnewCA2018_validsslovCA, Signature Algorithm: Inherit from Issuing CA, Certificate Signing Key: Imported Production Valid Certificadora Digital SSL OV, Key Algorithm: RSA, Key Specification: '2048'
validsslovnewCA2018_validsslovocsp, Signature Algorithm: Inherit from Issuing CA, Certificate Signing Key: Imported Production Valid Certificadora Digital SSL OV, Key Algorithm: RSA, Key Specification: '2048'
vistaequityrootr1CA_vistaequityrootr1, Signature Algorithm: Inherit from Issuing CA, Certificate Signing Key: Vista Equity Partners Root CA - R1, Key Algorithm: RSA, Key Specification: '2048'
vistaequityrootr1CA_vistaequityrootr1ocsp, Signature Algorithm: Inherit from Issuing CA, Certificate Signing Key: Vista Equity Partners Root CA - R1, Key Algorithm: RSA, Key Specification: '2048'
vtbbankgccr6dvca2021CA_vtbbankgccr6dvca2021, Signature Algorithm: Inherit from Issuing CA, Certificate Signing Key: Imported Production VTB BANK GCC R6 DV CA 2021 Certificate, Key Algorithm: RSA, Key Specification: '4096'
vtbbankgccr6dvca2021CA_vtbbankgccr6dvca2021ct, Signature Algorithm: Inherit from Issuing CA, Certificate Signing Key: Imported Production VTB BANK GCC R6 DV CA 2021 Certificate, Key Algorithm: RSA, Key Specification: '4096'
vtbbankgccr6dvca2021CA_vtbbankgccr6dvca2021ocsp, Signature Algorithm: Inherit from Issuing CA, Certificate Signing Key: Imported Production VTB BANK GCC R6 DV CA 2021 Certificate, Key Algorithm: RSA, Key Specification: '4096'
vtbbankgccr6evca2021CA_vtbbankgccr6evca2021, Signature Algorithm: Inherit from Issuing CA, Certificate Signing Key: Imported Production VTB BANK GCC R6 EV CA 2021 Certificate, Key Algorithm: RSA, Key Specification: '4096'
vtbbankgccr6evca2021CA_vtbbankgccr6evca2021ct, Signature Algorithm: Inherit from Issuing CA, Certificate Signing Key: Imported Production VTB BANK GCC R6 EV CA 2021 Certificate, Key Algorithm: RSA, Key Specification: '4096'
vtbbankgccr6evca2021CA_vtbbankgccr6evca2021ocsp, Signature Algorithm: Inherit from Issuing CA, Certificate Signing Key: Imported Production VTB BANK GCC R6 EV CA 2021 Certificate, Key Algorithm: RSA, Key Specification: '4096'
vtbbankgccr6ovca2021CA_vtbbankgccr6ovca2021, Signature Algorithm: Inherit from Issuing CA, Certificate Signing Key: Imported Production VTB BANK GCC R6 OV CA 2021 Certificate, Key Algorithm: RSA, Key Specification: '4096'
vtbbankgccr6ovca2021CA_vtbbankgccr6ovca2021ct, Signature Algorithm: Inherit from Issuing CA, Certificate Signing Key: Imported Production VTB BANK GCC R6 OV CA 2021 Certificate, Key Algorithm: RSA, Key Specification: '4096'
vtbbankgccr6ovca2021CA_vtbbankgccr6ovca2021ocsp, Signature Algorithm: Inherit from Issuing CA, Certificate Signing Key: Imported Production VTB BANK GCC R6 OV CA 2021 Certificate, Key Algorithm: RSA, Key Specification: '4096'
wellaclientauthca2021CA_wellaclientauthca2021ocsp, Signature Algorithm: Inherit from Issuing CA, Certificate Signing Key: Wella Client Auth CA 2021, Key Algorithm: RSA, Key Specification: '2048'
wellaprivaterootca2021CA_wellaprivaterootca2021ocsp, Signature Algorithm: Inherit from Issuing CA, Certificate Signing Key: Wella Private Root CA 2021, Key Algorithm: RSA, Key Specification: '4096'
wellasslca2021CA_wellasslca2021ocsp, Signature Algorithm: Inherit from Issuing CA, Certificate Signing Key: Wella SSL CA 2021, Key Algorithm: RSA, Key Specification: '2048'
whitecaprootca2021CA_whitecaprootca2021ocsp, Signature Algorithm: Inherit from Issuing CA, Certificate Signing Key: White Cap Root CA 2021, Key Algorithm: RSA, Key Specification: '2048'
ykkapica2020CA_ykkapica2020, Signature Algorithm: Inherit from Issuing CA, Certificate Signing Key: YKK AP America ICA 2020, Key Algorithm: RSA, Key Specification: '2048'
ykkapica2020CA_ykkapica2020ocsp, Signature Algorithm: Inherit from Issuing CA, Certificate Signing Key: YKK AP America ICA 2020, Key Algorithm: RSA, Key Specification: '2048'
ykkaproot2020CA_ykkaprootocsp, Signature Algorithm: Inherit from Issuing CA, Certificate Signing Key: YKK AP America Root CA 2020, Key Algorithm: RSA, Key Specification: '2048'
